detile;imgsrc;title;price;pro_off;original_price;data_end_time;shipping_time
http://group.aliexpress.com/266719009-32491981261-detail.html;http://gtms03.alicdn.com/tps/i3/TB1lFWuKXXXXXaHXpXXqVMCNVXX-400-400.jpg;Смартфон Cubot X16 4G LTE, 2 SIM-карты, экран 5 дюймов 1920х1080, 2ГБ ОЗУ, 16 ГБ ПЗУ, 4-ядерный MTK6735, ОС Android 5.1;129.99;20;162.49;2015/10/30 00:00:40 -0700;35
http://group.aliexpress.com/264778049-32271930267-detail.html;http://gtms01.alicdn.com/tps/i1/TB1hnjpKXXXXXcNXpXXqVMCNVXX-400-400.jpg;Вязаная шапка унисекс;2.18;38;3.52;2015/10/30 00:00:30 -0700;35
http://group.aliexpress.com/264778049-2021662178-detail.html;http://gtms01.alicdn.com/tps/i1/TB1I6jeKXXXXXXzXVXXqVMCNVXX-400-400.jpg;Детские мягкие сапожки на хлопковом подкладе;4.97;29;6.99;2015/10/30 00:00:30 -0700;90
http://group.aliexpress.com/264778049-32335054949-detail.html;http://gtms01.alicdn.com/tps/i1/TB1TVnoKXXXXXXTXFXXqVMCNVXX-400-400.jpg;10 шт./5 упаковок/партия коллагеновая маска для кожи вокруг глаз;1.29;19;1.59;2015/10/30 00:00:30 -0700;60
http://group.aliexpress.com/264778049-32315279756-detail.html;http://gtms03.alicdn.com/tps/i3/TB1a__dKXXXXXc0XFXXqVMCNVXX-400-400.jpg;Универсальное автомобильное зарядное устройство с 2 USB-портами, с интеллектуальной защитой;1.10;80;5.58;2015/10/30 00:00:30 -0700;23
http://group.aliexpress.com/264778049-32274840936-detail.html;http://gtms02.alicdn.com/tps/i2/TB1ZULzKXXXXXb7XXXXqVMCNVXX-400-400.jpg;25 в 1 набор прецизионных отвёрток для ремонта электроники;6.30;57;14.70;2015/10/30 00:00:30 -0700;45
http://group.aliexpress.com/264778049-763595621-detail.html;http://gtms04.alicdn.com/tps/i4/TB1Mwe_KXXXXXb8XVXXqVMCNVXX-400-400.jpg;Детский игровой коврик, 200х160 см;17.00;19;20.99;2015/10/30 00:00:30 -0700;90
http://group.aliexpress.com/264778049-935946163-detail.html;http://gtms02.alicdn.com/tps/i2/TB1CjnvKXXXXXc7XXXXqVMCNVXX-400-400.jpg;Женские часы в ретро стиле, на кожаном ремешке с деревянными бусинами;1.79;55;3.98;2015/10/30 00:00:30 -0700;90
http://group.aliexpress.com/264778049-1160282174-detail.html;http://gtms02.alicdn.com/tps/i2/TB15KPkKXXXXXaTXFXXqVMCNVXX-400-400.jpg;Детский комбинезон с длинным рукавом, из хлопка;5.62;32;8.22;2015/10/30 00:00:30 -0700;35
http://group.aliexpress.com/264778049-1178062837-detail.html;http://gtms03.alicdn.com/tps/i3/TB15KHvKXXXXXXNXpXXqVMCNVXX-400-400.jpg;Бюстгальтер с эффектом пуш-ап;3.83;52;7.90;2015/10/30 00:00:30 -0700;75
http://group.aliexpress.com/264778049-1188198607-detail.html;http://gtms01.alicdn.com/tps/i1/TB1NhLmKXXXXXafXFXXqVMCNVXX-400-400.jpg;Спортивные наушники с креплением, разъём 3,5 мм;0.91;27;1.25;2015/10/30 00:00:30 -0700;45
http://group.aliexpress.com/264778049-1206819091-detail.html;http://gtms02.alicdn.com/tps/i2/TB1x9DwKXXXXXcZXXXXqVMCNVXX-400-400.jpg;Жвачка-прикол с электрошоком;0.63;80;3.13;2015/10/30 00:00:30 -0700;45
http://group.aliexpress.com/264778049-1215630265-detail.html;http://gtms03.alicdn.com/tps/i3/TB1veh.JFXXXXc0XVXXqVMCNVXX-400-400.jpg;2 шт. щиток для автомобильного зеркала заднего вида;1.11;26;1.51;2015/10/30 00:00:30 -0700;45
http://group.aliexpress.com/264778049-1363765995-detail.html;http://gtms04.alicdn.com/tps/i4/TB152_BKXXXXXa9XXXXqVMCNVXX-400-400.jpg;Металлические наушники-вкладыши супер бас, разъём 3,5 мм;1.99;75;7.98;2015/10/30 00:00:30 -0700;90
http://group.aliexpress.com/264778049-1367711041-detail.html;http://gtms01.alicdn.com/tps/i1/TB1ybkGIXXXXXbTXVXXqVMCNVXX-400-400.jpg;26 шт. китайский чай, 13 видов;6.60;58;15.60;2015/10/30 00:00:30 -0700;60
http://group.aliexpress.com/264778049-1458140556-detail.html;http://gtms04.alicdn.com/tps/i4/TB1ZgrzKXXXXXcXXXXXqVMCNVXX-400-400.jpg;Жидкая водостойкая подводка для глаз;0.69;65;2.00;2015/10/30 00:00:30 -0700;90
http://group.aliexpress.com/264778049-1504667521-detail.html;http://gtms01.alicdn.com/tps/i1/TB1TBfpKXXXXXcoXpXXqVMCNVXX-400-400.jpg;Мужские длинные термоштаны;6.80;64;18.99;2015/10/30 00:00:30 -0700;50
http://group.aliexpress.com/264778049-1621862474-detail.html;http://gtms03.alicdn.com/tps/i3/TB1xw_zKXXXXXbWXXXXqVMCNVXX-400-400.jpg;Женская вместительная сумка-тоут из ПУ кожи;12.09;24;15.99;2015/10/30 00:00:30 -0700;60
http://group.aliexpress.com/264778049-1667468789-detail.html;http://gtms04.alicdn.com/tps/i4/TB1jUvzKXXXXXaRXXXXqVMCNVXX-400-400.jpg;Женские солнцезащитные очки в стиле кошачий глаз;1.49;50;2.99;2015/10/30 00:00:30 -0700;60
http://group.aliexpress.com/264778049-1696789566-detail.html;http://gtms02.alicdn.com/tps/i2/TB1X0bXKXXXXXciXVXXqVMCNVXX-400-400.jpg;1 шт. универсальное автомобильное зарядное устройство с micro USB, для iPhone 5, 5S, 4, 4S, iPad, любых мобильных телефонов;0.51;65;1.44;2015/10/30 00:00:30 -0700;35
http://group.aliexpress.com/264778049-1708126025-detail.html;http://gtms03.alicdn.com/tps/i3/TB1vnrlKXXXXXaGXFXXqVMCNVXX-400-400.jpg;Детская футболка с длинным рукавом, из 100% хлопка, с надписью I Love Papa, I Love Mama;2.69;56;6.12;2015/10/30 00:00:30 -0700;58
http://group.aliexpress.com/264778049-1710701475-detail.html;http://gtms02.alicdn.com/tps/i2/TB1HIDuKXXXXXaaXpXXqVMCNVXX-400-400.jpg;Женская кожаная сумка;16.20;51;33.33;2015/10/30 00:00:30 -0700;90
http://group.aliexpress.com/264778049-1721706487-detail.html;http://gtms04.alicdn.com/tps/i4/TB1grvaKXXXXXaxXVXXqVMCNVXX-400-400.jpg;Серьги-кольца с фианитами, покрытие золото 18 К;2.20;45;3.99;2015/10/30 00:00:30 -0700;45
http://group.aliexpress.com/264778049-1721822899-detail.html;http://gtms01.alicdn.com/tps/i1/TB1YTbvKXXXXXXlXpXXqVMCNVXX-400-400.jpg;Серьги с фианитами и жемчугом, покрытие золото 18 К;2.00;50;3.99;2015/10/30 00:00:30 -0700;45
http://group.aliexpress.com/264778049-1728312857-detail.html;http://gtms04.alicdn.com/tps/i4/TB1Ie6mKXXXXXaiXFXXqVMCNVXX-400-400.jpg;Apple iPhone 3GS 16 ГБ;58.62;53;126.00;2015/10/30 00:00:30 -0700;50
http://group.aliexpress.com/264778049-1848083223-detail.html;http://gtms04.alicdn.com/tps/i4/TB1bHvnKXXXXXafXFXXqVMCNVXX-400-400.jpg;Серьги-гвоздики с хрусталём, покрытие золото 18 К;0.43;56;0.98;2015/10/30 00:00:30 -0700;90
http://group.aliexpress.com/264778049-1865133584-detail.html;http://gtms04.alicdn.com/tps/i4/TB1156iKXXXXXbIXFXXqVMCNVXX-400-400.jpg;Висячие серьги с австрийскими кристаллами, покрытие золото 18 К;1.33;66;3.90;2015/10/30 00:00:30 -0700;90
http://group.aliexpress.com/264778049-1896366880-detail.html;http://gtms03.alicdn.com/tps/i3/TB1vmvAKXXXXXbRXXXXqVMCNVXX-400-400.jpg;USB 2.0 флеш-накопитель 8 ГБ;2.24;57;5.20;2015/10/30 00:00:30 -0700;90
http://group.aliexpress.com/264778049-1901197796-detail.html;http://gtms03.alicdn.com/tps/i3/TB1FP59KXXXXXcLXVXXqVMCNVXX-400-400.jpg;Чай пуэр, 1980 г;5.00;75;20.00;2015/10/30 00:00:30 -0700;60
http://group.aliexpress.com/264778049-1902744285-detail.html;http://gtms01.alicdn.com/tps/i1/TB1HlrhKXXXXXbZXFXXqVMCNVXX-400-400.jpg;Аудио/видео кабель для игровой приставки Sony PS2, PS3;1.08;42;1.87;2015/10/30 00:00:30 -0700;45
http://group.aliexpress.com/264778049-1903815290-detail.html;http://gtms02.alicdn.com/tps/i2/TB1u.YdKXXXXXXrXVXXqVMCNVXX-400-400.jpg;Книпсеры из нержавеющей стали;1.13;40;1.87;2015/10/30 00:00:30 -0700;45
http://group.aliexpress.com/264778049-1903985092-detail.html;http://gtms03.alicdn.com/tps/i3/TB1VDDDKXXXXXalXXXXqVMCNVXX-400-400.jpg;Пульт ДУ для Nikon D7000, D5100, D5000, D3000;0.66;53;1.41;2015/10/30 00:00:30 -0700;45
http://group.aliexpress.com/264778049-1922393625-detail.html;http://gtms01.alicdn.com/tps/i1/TB1lCYwKXXXXXc7XXXXqVMCNVXX-400-400.jpg;12 шт. кисти для дизайна ногтей;1.50;50;2.98;2015/10/30 00:00:30 -0700;60
http://group.aliexpress.com/264778049-1957948855-detail.html;http://gtms01.alicdn.com/tps/i1/TB1mODfKXXXXXXgXVXXqVMCNVXX-400-400.jpg;Регулируемые подгузники-трусики для детей 0-2 лет, 7 цветов;1.72;51;3.48;2015/10/30 00:00:30 -0700;58
http://group.aliexpress.com/264778049-1969348916-detail.html;http://gtms04.alicdn.com/tps/i4/TB1cmPhKXXXXXbZXFXXqVMCNVXX-400-400.jpg;Внешний аккумулятор ёмкостью 9000 мАч, для iPhone, Samsung Galaxy;10.98;35;16.87;2015/10/30 00:00:30 -0700;55
http://group.aliexpress.com/264778049-1977216989-detail.html;http://gtms04.alicdn.com/tps/i4/TB1jHfvKXXXXXXPXpXXqVMCNVXX-400-400.jpg;Мужская однотонная футболка с длинным рукавом;7.09;21;8.99;2015/10/30 00:00:30 -0700;60
http://group.aliexpress.com/264778049-2003454966-detail.html;http://gtms02.alicdn.com/tps/i2/TB14V2vKXXXXXXJXpXXqVMCNVXX-400-400.jpg;50 г зелёный чай с жасмином;2.80;51;5.75;2015/10/30 00:00:30 -0700;90
http://group.aliexpress.com/264778049-2021284736-detail.html;http://gtms03.alicdn.com/tps/i3/TB1uUPgKXXXXXcqXFXXqVMCNVXX-400-400.jpg;Комплект нижнего белья с кружевом и вышивкой;5.25;24;6.90;2015/10/30 00:00:30 -0700;75
http://group.aliexpress.com/264778049-2021305978-detail.html;http://gtms04.alicdn.com/tps/i4/TB1z2DmKXXXXXX8XFXXqVMCNVXX-400-400.jpg;Женские трусики с низкой талией, из хлопка;1.49;25;1.99;2015/10/30 00:00:30 -0700;60
http://group.aliexpress.com/264778049-2026671431-detail.html;http://gtms02.alicdn.com/tps/i2/TB1vl6yKXXXXXbJXXXXqVMCNVXX-400-400.jpg;Женский кожаный рюкзак;11.97;51;24.63;2015/10/30 00:00:30 -0700;90
http://group.aliexpress.com/264778049-2039416445-detail.html;http://gtms04.alicdn.com/tps/i4/TB1GfbmKXXXXXaoXFXXqVMCNVXX-400-400.jpg;1 шт. многоразовый вкладыш для детских подгузников из хлопка и бамбукового волокна;1.78;54;3.90;2015/10/30 00:00:30 -0700;60
http://group.aliexpress.com/264778049-2040612053-detail.html;http://gtms02.alicdn.com/tps/i2/TB1cKbBIpXXXXaBaXXXqVMCNVXX-400-400.jpg;Серьги, покрытие белое золото 18 К;2.30;39;3.79;2015/10/30 00:00:30 -0700;45
http://group.aliexpress.com/264778049-2041300839-detail.html;http://gtms01.alicdn.com/tps/i1/TB1GSPcKXXXXXakXVXXqVMCNVXX-400-400.jpg;1 шт. шарм из серебра с хрустальной подвеской;0.51;70;1.69;2015/10/30 00:00:30 -0700;60
http://group.aliexpress.com/264778049-2042051242-detail.html;http://gtms03.alicdn.com/tps/i3/TB12gTvKXXXXXXwXpXXqVMCNVXX-400-400.jpg;Мягкий силиконовый чехол для iPhone 4, 4S, 5, 5S, 6, 6S, 6 Plus 6S plus;0.72;27;0.99;2015/10/30 00:00:30 -0700;90
http://group.aliexpress.com/264778049-2042384575-detail.html;http://gtms01.alicdn.com/tps/i1/TB1h6_EKXXXXXXMXXXXqVMCNVXX-400-400.jpg;Висячие прозрачные серьги с хрусталём, в форме снежинок;0.85;42;1.47;2015/10/30 00:00:30 -0700;59
http://group.aliexpress.com/264778049-2043554579-detail.html;http://gtms04.alicdn.com/tps/i4/TB1J3YfKXXXXXcVXFXXqVMCNVXX-400-400.jpg;Мужские длинные термоштаны, размеры M-XXL;8.00;20;9.99;2015/10/30 00:00:30 -0700;90
http://group.aliexpress.com/264778049-2045506929-detail.html;http://gtms04.alicdn.com/tps/i4/TB1Tm6uKXXXXXXOXpXXqVMCNVXX-400-400.jpg;Деревянная трубка, 14 см;2.42;75;9.57;2015/10/30 00:00:30 -0700;45
http://group.aliexpress.com/264778049-2045638412-detail.html;http://gtms01.alicdn.com/tps/i1/TB1oLW8KXXXXXXfaXXXqVMCNVXX-400-400.jpg;Женский интимный гель;2.54;80;12.90;2015/10/30 00:00:30 -0700;70
http://group.aliexpress.com/264778049-2045883388-detail.html;http://gtms02.alicdn.com/tps/i2/TB1BVLDKXXXXXaZXXXXqVMCNVXX-400-400.jpg;Светодиодные мини-светильники в виде цветов роз;0.68;65;1.96;2015/10/30 00:00:30 -0700;45
http://group.aliexpress.com/264778049-2046033819-detail.html;http://gtms03.alicdn.com/tps/i3/TB1G9feKXXXXXXOXVXXqVMCNVXX-400-400.jpg;1 шт./партия детский комбинезон Санта Клаус;5.09;23;6.59;2015/10/30 00:00:30 -0700;60
http://group.aliexpress.com/264778049-2046146444-detail.html;http://gtms04.alicdn.com/tps/i4/TB1kfvxKXXXXXcEXXXXqVMCNVXX-400-400.jpg;Непромокаемая занавеска для ванной с 12 крючками;5.22;19;6.45;2015/10/30 00:00:30 -0700;45
http://group.aliexpress.com/264778049-2047155931-detail.html;http://gtms02.alicdn.com/tps/i2/TB1bJLhKXXXXXbOXFXXqVMCNVXX-400-400.jpg;Шумоизолирующие наушники-вкладыши, разъём 3,5 мм, для MP3/MP4-плееров;3.62;42;6.19;2015/10/30 00:00:30 -0700;60
http://group.aliexpress.com/264778049-2055455551-detail.html;http://gtms01.alicdn.com/tps/i1/TB1JF6rKXXXXXbQXpXXqVMCNVXX-400-400.jpg;Брошь с австрийскими кристаллами и чёрным жемчугом, покрытие серебро 18 К;1.79;77;7.80;2015/10/30 00:00:30 -0700;90
http://group.aliexpress.com/264778049-32213972404-detail.html;http://gtms01.alicdn.com/tps/i1/TB14V6oKXXXXXcOXpXXqVMCNVXX-400-400.jpg;Мужская зимняя непромокаемая и непродуваемая куртка;26.15;25;35.00;2015/10/30 00:00:30 -0700;60
http://group.aliexpress.com/264778049-32214867090-detail.html;http://gtms02.alicdn.com/tps/i2/TB1CXnnKXXXXXamXFXXqVMCNVXX-400-400.jpg;Шляпа с ушками для девочек, 100% шерсть;4.30;49;8.48;2015/10/30 00:00:30 -0700;90
http://group.aliexpress.com/264778049-32219462886-detail.html;http://gtms03.alicdn.com/tps/i3/TB1gyy8KXXXXXXKaXXXqVMCNVXX-400-400.jpg;Алмазная вышивка, 30х40, розы;6.50;42;11.30;2015/10/30 00:00:30 -0700;35
http://group.aliexpress.com/264778049-32219634428-detail.html;http://gtms04.alicdn.com/tps/i4/TB1WujyKXXXXXczXXXXqVMCNVXX-400-400.jpg;5 шт. замки на дверцы шкафов от детей;2.10;44;3.73;2015/10/30 00:00:30 -0700;45
http://group.aliexpress.com/264778049-32221127077-detail.html;http://gtms03.alicdn.com/tps/i3/TB17X2EKXXXXXajXXXXqVMCNVXX-400-400.jpg;Мужские кожаные ботинки на меху;35.91;55;79.80;2015/10/30 00:00:30 -0700;45
http://group.aliexpress.com/264778049-32221474301-detail.html;http://gtms01.alicdn.com/tps/i1/TB1p0zbKXXXXXbxXVXXqVMCNVXX-400-400.jpg;Свечи на день рождения;0.44;63;1.18;2015/10/30 00:00:30 -0700;45
http://group.aliexpress.com/264778049-32222031087-detail.html;http://gtms02.alicdn.com/tps/i2/TB1gEbhKXXXXXa6XFXXqVMCNVXX-400-400.jpg;Защитный чехол для ТВ пультов ДУ;0.77;74;2.99;2015/10/30 00:00:30 -0700;35
http://group.aliexpress.com/264778049-32227232050-detail.html;http://gtms04.alicdn.com/tps/i4/TB1gRy_KXXXXXc8XVXXqVMCNVXX-400-400.jpg;Миниатюрный MP3-плеер с поддержкой micro TF/SD-карты;2.31;38;3.75;2015/10/30 00:00:30 -0700;60
http://group.aliexpress.com/264778049-32228262672-detail.html;http://gtms04.alicdn.com/tps/i4/TB1SMHwKXXXXXXqXpXXqVMCNVXX-400-400.jpg;Детский шарф, 9 цветов;2.15;28;2.99;2015/10/30 00:00:30 -0700;60
http://group.aliexpress.com/264778049-32228766272-detail.html;http://gtms02.alicdn.com/tps/i2/TB1xHzfKXXXXXXuXVXXqVMCNVXX-400-400.jpg;Обруч на голову с оленьими рогами;0.75;22;0.96;2015/10/30 00:00:30 -0700;45
http://group.aliexpress.com/264778049-32231728577-detail.html;http://gtms04.alicdn.com/tps/i4/TB194nyKXXXXXcBXXXXqVMCNVXX-400-400.jpg;Шапка Санта Клауса;1.55;57;3.59;2015/10/30 00:00:30 -0700;35
http://group.aliexpress.com/264778049-32233096198-detail.html;http://gtms01.alicdn.com/tps/i1/TB17QYsKXXXXXa6XpXXqVMCNVXX-400-400.jpg;2 шт. ложки из нержавеющей стали;1.37;19;1.69;2015/10/30 00:00:30 -0700;23
http://group.aliexpress.com/264778049-32235443017-detail.html;http://gtms02.alicdn.com/tps/i2/TB18RYCKXXXXXaUXXXXqVMCNVXX-400-400.jpg;Светодиодные мини-светильники в виде свечек, 6 цветов;0.55;54;1.19;2015/10/30 00:00:30 -0700;35
http://group.aliexpress.com/264778049-32236989154-detail.html;http://gtms04.alicdn.com/tps/i4/TB1NGfCKXXXXXa9XXXXqVMCNVXX-400-400.jpg;Электрическая щётка-массажёр для лица, 5 насадок;3.10;78;13.80;2015/10/30 00:00:30 -0700;45
http://group.aliexpress.com/264778049-32237380940-detail.html;http://gtms02.alicdn.com/tps/i2/TB1LGLbKXXXXXbjXVXXqVMCNVXX-400-400.jpg;1 шт. средства от выпадения волос и стимуляции роста волос;2.69;82;15.00;2015/10/30 00:00:30 -0700;49
http://group.aliexpress.com/264778049-32241581423-detail.html;http://gtms01.alicdn.com/tps/i1/TB1ybPxKXXXXXcjXXXXqVMCNVXX-400-400.jpg;Поляризационные солнцезащитные антибликовые очки для вождения;2.00;42;3.42;2015/10/30 00:00:30 -0700;35
http://group.aliexpress.com/264778049-32243222410-detail.html;http://gtms03.alicdn.com/tps/i3/TB1C9jCKXXXXXa1XXXXqVMCNVXX-400-400.jpg;Классические серьги-гвоздики, 12 цветов;0.83;56;1.89;2015/10/30 00:00:30 -0700;60
http://group.aliexpress.com/264778049-32244845964-detail.html;http://gtms03.alicdn.com/tps/i3/TB1fx6hKXXXXXcdXFXXqVMCNVXX-400-400.jpg;Женское летнее чёрное платье с укороченным рукавом;9.47;76;39.00;2015/10/30 00:00:30 -0700;60
http://group.aliexpress.com/264778049-32245782628-detail.html;http://gtms02.alicdn.com/tps/i2/TB1Qk_BKXXXXXbdXXXXqVMCNVXX-400-400.jpg;Камера видеонаблюдения HD 1280х960р, 1.4 МП;25.00;38;40.10;2015/10/30 00:00:30 -0700;60
http://group.aliexpress.com/264778049-32246575587-detail.html;http://gtms01.alicdn.com/tps/i1/TB1GI_nKXXXXXcYXpXXqVMCNVXX-400-400.jpg;Бензиновая спичка-зажигалка;0.60;70;2.00;2015/10/30 00:00:30 -0700;45
http://group.aliexpress.com/264778049-32247118228-detail.html;http://gtms03.alicdn.com/tps/i3/TB1My_fKXXXXXcdXFXXqVMCNVXX-400-400.jpg;Металлическая брошь со стразами, в форме жука;1.09;59;2.69;2015/10/30 00:00:30 -0700;90
http://group.aliexpress.com/264778049-32247919965-detail.html;http://gtms03.alicdn.com/tps/i3/TB1S5PiKXXXXXbEXFXXqVMCNVXX-400-400.jpg;Шарф унисекс в клетку;8.14;40;13.50;2015/10/30 00:00:30 -0700;60
http://group.aliexpress.com/264778049-32248114398-detail.html;http://gtms02.alicdn.com/tps/i2/TB1izLtKXXXXXaxXpXXqVMCNVXX-400-400.jpg;Крем для лица с экстрактом улитки, 10 мл;1.71;98;88.00;2015/10/30 00:00:30 -0700;70
http://group.aliexpress.com/264778049-32249476787-detail.html;http://gtms01.alicdn.com/tps/i1/TB1ujjvKXXXXXcrXXXXqVMCNVXX-400-400.jpg;Внешний аккумулятор ёмкостью 12000 мАч, с дисплеем, с двумя USB-портами, для смартфонов, iPhone, Samsung;11.10;15;13.12;2015/10/30 00:00:30 -0700;60
http://group.aliexpress.com/264778049-32249741193-detail.html;http://gtms03.alicdn.com/tps/i3/TB193zhKXXXXXcXXFXXqVMCNVXX-400-400.jpg;Жёсткий чехол с принтом для iPhone 4, 4S, 5, 5S, 5C, 6;0.88;71;2.99;2015/10/30 00:00:30 -0700;60
http://group.aliexpress.com/264778049-32250081149-detail.html;http://gtms01.alicdn.com/tps/i1/TB1YXbtKXXXXXaJXpXXqVMCNVXX-400-400.jpg;2 шт. детские заколки в форме кошачьих ушек;0.83;42;1.42;2015/10/30 00:00:30 -0700;60
http://group.aliexpress.com/264778049-32252374553-detail.html;http://gtms01.alicdn.com/tps/i1/TB1T.LXKXXXXXX0XVXXqVMCNVXX-400-400.jpg;Акриловые серьги с хрусталём, в форме цветка;1.17;37;1.87;2015/10/30 00:00:30 -0700;60
http://group.aliexpress.com/264778049-32253554755-detail.html;http://gtms01.alicdn.com/tps/i1/TB1HkDrKXXXXXbSXpXXqVMCNVXX-400-400.jpg;1 шт. приспособление для выдавливания зубной пасты, в виде животного;0.26;10;0.29;2015/10/30 00:00:30 -0700;60
http://group.aliexpress.com/264778049-32254524916-detail.html;http://gtms03.alicdn.com/tps/i3/TB1WxjjKXXXXXbGXFXXqVMCNVXX-400-400.jpg;Детская мягкая вязаная шапочка с медведем;1.56;33;2.34;2015/10/30 00:00:30 -0700;45
http://group.aliexpress.com/264778049-32256886752-detail.html;http://gtms04.alicdn.com/tps/i4/TB16v_bKXXXXXcKXFXXqVMCNVXX-400-400.jpg;Средство от выпадения волос и стимулирования роста;2.50;45;4.58;2015/10/30 00:00:30 -0700;45
http://group.aliexpress.com/264778049-32257008679-detail.html;http://gtms04.alicdn.com/tps/i4/TB1ejjtKXXXXXaGXpXXqVMCNVXX-400-400.jpg;Телефон-раскладушка, две SIM-карты, Bluetooth;26.55;43;46.60;2015/10/30 00:00:30 -0700;50
http://group.aliexpress.com/264778049-32258359809-detail.html;http://gtms03.alicdn.com/tps/i3/TB1622nKXXXXXXKXFXXqVMCNVXX-400-400.jpg;Плюшевая игрушка свинка майнкрафт;1.96;72;7.06;2015/10/30 00:00:30 -0700;60
http://group.aliexpress.com/264778049-32260711403-detail.html;http://gtms01.alicdn.com/tps/i1/TB1nXPBKXXXXXafXXXXqVMCNVXX-400-400.jpg;Спортивные многофункциональные электронные часы унисекс в ретро стиле;3.31;53;7.10;2015/10/30 00:00:30 -0700;45
http://group.aliexpress.com/264778049-32260800054-detail.html;http://gtms02.alicdn.com/tps/i2/TB1BlTEKXXXXXXWXXXXqVMCNVXX-400-400.jpg;Смартфон на системе Android 4.4.2, двухъядерный процессор MTK6572, 5-дюймовый дисплей, ПЗУ 4 ГБ, камера 5 МП, GSM, WCDMA;46.52;21;59.00;2015/10/30 00:00:30 -0700;45
http://group.aliexpress.com/264778049-32262951230-detail.html;http://gtms03.alicdn.com/tps/i3/TB1Y1G7KXXXXXX7aXXXqVMCNVXX-400-400.jpg;USB флеш-накопитель 8 ГБ, 16 ГБ, 32 ГБ, 64 ГБ;4.20;18;5.10;2015/10/30 00:00:30 -0700;90
http://group.aliexpress.com/264778049-32264913185-detail.html;http://gtms01.alicdn.com/tps/i1/TB1L4PeKXXXXXXPXVXXqVMCNVXX-400-400.jpg;Винтажное кольцо из серебра 925 пробы;1.39;69;4.42;2015/10/30 00:00:30 -0700;35
http://group.aliexpress.com/264778049-32266112269-detail.html;http://gtms02.alicdn.com/tps/i2/TB1GRYhKXXXXXcIXFXXqVMCNVXX-400-400.jpg;Бюстгальтер для кормления;4.29;39;6.99;2015/10/30 00:00:30 -0700;60
http://group.aliexpress.com/264778049-32266305385-detail.html;http://gtms02.alicdn.com/tps/i2/TB1gBc_JXXXXXXFaXXXqVMCNVXX-400-400.jpg;1 шт. автомобильный чехол из овчины;29.00;26;39.00;2015/10/30 00:00:30 -0700;35
http://group.aliexpress.com/264778049-32268692626-detail.html;http://gtms02.alicdn.com/tps/i2/TB1VpLfKXXXXXXqXVXXqVMCNVXX-400-400.jpg;Женский кожаный ремень с металлической пряжкой, в ретро стиле;2.45;33;3.68;2015/10/30 00:00:30 -0700;60
http://group.aliexpress.com/264778049-32271794169-detail.html;http://gtms04.alicdn.com/tps/i4/TB1pKbCKXXXXXa9XXXXqVMCNVXX-400-400.jpg;Нейлоновая рыболовная леска, 500 м;3.50;71;11.90;2015/10/30 00:00:30 -0700;60
http://group.aliexpress.com/264778049-32274342186-detail.html;http://gtms04.alicdn.com/tps/i4/TB1rozBKXXXXXbgXXXXqVMCNVXX-400-400.jpg;Женская чёрно-белая сумка;12.80;54;27.90;2015/10/30 00:00:30 -0700;60
http://group.aliexpress.com/264778049-32274546719-detail.html;http://gtms04.alicdn.com/tps/i4/TB1i.DcKXXXXXaWXVXXqVMCNVXX-400-400.jpg;Кольцо в форме цветка, серебро 925 пробы, аметист, размеры 7-13;3.23;66;9.60;2015/10/30 00:00:30 -0700;50
http://group.aliexpress.com/264778049-32279659925-detail.html;http://gtms04.alicdn.com/tps/i4/TB1k.juKXXXXXXUXpXXqVMCNVXX-400-400.jpg;Женские однотонные носки из смесового хлопка;0.75;37;1.19;2015/10/30 00:00:30 -0700;35
http://group.aliexpress.com/264778049-32280049005-detail.html;http://gtms01.alicdn.com/tps/i1/TB1uQjEKXXXXXXLXXXXqVMCNVXX-400-400.jpg;Рыболовная леска 4-50 LB, 100 ярдов;1.09;19;1.35;2015/10/30 00:00:30 -0700;60
http://group.aliexpress.com/264778049-32280185707-detail.html;http://gtms01.alicdn.com/tps/i1/TB1i6HBKXXXXXbqXXXXqVMCNVXX-400-400.jpg;3D-стразы для ногтей, 12 цветов;0.70;77;3.09;2015/10/30 00:00:30 -0700;60
http://group.aliexpress.com/264778049-32283493243-detail.html;http://gtms03.alicdn.com/tps/i3/TB1OM6rKXXXXXbJXpXXqVMCNVXX-400-400.jpg;Крем для ног;1.29;35;1.98;2015/10/30 00:00:30 -0700;60
http://group.aliexpress.com/264778049-32287671697-detail.html;http://gtms04.alicdn.com/tps/i4/TB1cU6iKXXXXXbkXFXXqVMCNVXX-400-400.jpg;Крем для лечения экземы и псориаза;1.15;27;1.57;2015/10/30 00:00:30 -0700;60
http://group.aliexpress.com/264778049-32288410678-detail.html;http://gtms04.alicdn.com/tps/i4/TB1JqrdKXXXXXaoXVXXqVMCNVXX-400-400.jpg;Жёсткий пластиковый чехол для Sony Xperia C CN3 S39h C2305;0.88;71;2.99;2015/10/30 00:00:30 -0700;60
http://group.aliexpress.com/264778049-32288960160-detail.html;http://gtms03.alicdn.com/tps/i3/TB1OODzKXXXXXaEXXXXqVMCNVXX-400-400.jpg;Мужская спортивная футболка с длинным рукавом;7.22;60;18.11;2015/10/30 00:00:30 -0700;34
http://group.aliexpress.com/264778049-32291079593-detail.html;http://gtms03.alicdn.com/tps/i3/TB1QC6FKXXXXXXtXXXXqVMCNVXX-400-400.jpg;12 шт./партия объёмные наклейки на стену из ПВХ, бабочки;0.69;97;19.80;2015/10/30 00:00:30 -0700;90
http://group.aliexpress.com/264778049-32291874683-detail.html;http://gtms02.alicdn.com/tps/i2/TB1kqErIVXXXXcrapXXqVMCNVXX-400-400.jpg;Женское корректирующее бельё, размер L-XL;3.52;64;9.78;2015/10/30 00:00:30 -0700;45
http://group.aliexpress.com/264778049-32292516216-detail.html;http://gtms04.alicdn.com/tps/i4/TB1J7bnKXXXXXXmXFXXqVMCNVXX-400-400.jpg;Дорожная нейлоновая косметичка на молнии;0.68;47;1.28;2015/10/30 00:00:30 -0700;90
http://group.aliexpress.com/264778049-32293409139-detail.html;http://gtms01.alicdn.com/tps/i1/TB1urTwKXXXXXcXXXXXqVMCNVXX-400-400.jpg;Умные часы с камерой, поддержка SIM-карты, для IOS и Android-смартфонов;30.52;80;153.00;2015/10/30 00:00:30 -0700;60
http://group.aliexpress.com/264778049-32294948858-detail.html;http://gtms04.alicdn.com/tps/i4/TB1N5nfKXXXXXcZXFXXqVMCNVXX-400-400.jpg;Детская шапочка из хлопка;1.20;42;2.06;2015/10/30 00:00:30 -0700;30
http://group.aliexpress.com/264778049-32297450048-detail.html;http://gtms04.alicdn.com/tps/i4/TB10LjqKXXXXXcFXpXXqVMCNVXX-400-400.jpg;12 шт./комплект фигурки, Миньоны;4.59;16;5.49;2015/10/30 00:00:30 -0700;60
http://group.aliexpress.com/264778049-32298957498-detail.html;http://gtms02.alicdn.com/tps/i2/TB1O69_KXXXXXccXVXXqVMCNVXX-400-400.jpg;Серьги-гвоздики из серебра 925 пробы;0.71;64;1.98;2015/10/30 00:00:30 -0700;60
http://group.aliexpress.com/264778049-32300379283-detail.html;http://gtms02.alicdn.com/tps/i2/TB11WbdKXXXXXXfXVXXqVMCNVXX-400-400.jpg;Автомобильное портативное пусковое устройство, 50800 мАч, 12 В;41.00;65;116.00;2015/10/30 00:00:30 -0700;60
http://group.aliexpress.com/264778049-32303612365-detail.html;http://gtms03.alicdn.com/tps/i3/TB1zlG9KXXXXXahaXXXqVMCNVXX-400-400.jpg;Женская сумка-мессенджер чёрного цвета;8.50;70;28.00;2015/10/30 00:00:30 -0700;35
http://group.aliexpress.com/264778049-32304572004-detail.html;http://gtms03.alicdn.com/tps/i3/TB1Bo_DKXXXXXaiXXXXqVMCNVXX-400-400.jpg;Сувенирная монета с надписью;0.99;77;4.25;2015/10/30 00:00:30 -0700;90
http://group.aliexpress.com/264778049-32305938499-detail.html;http://gtms04.alicdn.com/tps/i4/TB1LBbpKXXXXXc3XpXXqVMCNVXX-400-400.jpg;Серьги из серебра 925 пробы с натуральным жемчугом;2.89;93;39.00;2015/10/30 00:00:30 -0700;60
http://group.aliexpress.com/264778049-32308405300-detail.html;http://gtms03.alicdn.com/tps/i3/TB1WRu.KXXXXXbQXVXXqVMCNVXX-400-400.jpg;Серьги геометрической формы, с камнем;1.02;57;2.36;2015/10/30 00:00:30 -0700;50
http://group.aliexpress.com/264778049-32309157132-detail.html;http://gtms01.alicdn.com/tps/i1/TB1wEHqKXXXXXbwXpXXqVMCNVXX-400-400.jpg;Женские высокие зимние сапоги на меху;27.72;54;60.56;2015/10/30 00:00:30 -0700;60
http://group.aliexpress.com/264778049-32309712671-detail.html;http://gtms03.alicdn.com/tps/i3/TB1ykLaKXXXXXbZXVXXqVMCNVXX-400-400.jpg;1 шт. термостойкая силиконовая прихватка;0.67;16;0.80;2015/10/30 00:00:30 -0700;60
http://group.aliexpress.com/264778049-32309717025-detail.html;http://gtms02.alicdn.com/tps/i2/TB1bRnuKXXXXXXUXpXXqVMCNVXX-400-400.jpg;Мелки для временного окрашивания волос, 12 цветов;2.85;52;5.99;2015/10/30 00:00:30 -0700;60
http://group.aliexpress.com/264778049-32310500019-detail.html;http://gtms03.alicdn.com/tps/i3/TB1m5PkKXXXXXaLXFXXqVMCNVXX-400-400.jpg;Игрушка Йо-Йо;2.15;28;2.99;2015/10/30 00:00:30 -0700;60
http://group.aliexpress.com/264778049-32310863569-detail.html;http://gtms04.alicdn.com/tps/i4/TB1r7udKXXXXXXUXVXXqVMCNVXX-400-400.jpg;Цепочка с подвеской и серьги с хрусталём, покрытие белое золото;1.35;26;1.83;2015/10/30 00:00:30 -0700;50
http://group.aliexpress.com/264778049-32315061354-detail.html;http://gtms01.alicdn.com/tps/i1/TB19IzyKXXXXXcDXXXXqVMCNVXX-400-400.jpg;Цепочка из серебра 925 пробы, 18 дюймов, с подвеской из белого жемчуга;1.22;24;1.60;2015/10/30 00:00:30 -0700;60
http://group.aliexpress.com/264778049-32317529576-detail.html;http://gtms03.alicdn.com/tps/i3/TB1fpnrKXXXXXb6XpXXqVMCNVXX-400-400.jpg;Стерео наушники;2.36;30;3.37;2015/10/30 00:00:30 -0700;90
http://group.aliexpress.com/264778049-32317593440-detail.html;http://gtms04.alicdn.com/tps/i4/TB1Y7blKXXXXXarXFXXqVMCNVXX-400-400.jpg;Стеклянная ваза в форме ангела;1.33;11;1.49;2015/10/30 00:00:30 -0700;90
http://group.aliexpress.com/264778049-32323248867-detail.html;http://gtms03.alicdn.com/tps/i3/TB1xRG6KXXXXXX3aXXXqVMCNVXX-400-400.jpg;Летний конверт для новорожденных, из хлопка;6.09;24;7.99;2015/10/30 00:00:30 -0700;60
http://group.aliexpress.com/264778049-32323254448-detail.html;http://gtms04.alicdn.com/tps/i4/TB10I7_JVXXXXcHXFXXqVMCNVXX-400-400.jpg;Гель-блеск для дизайна ногтей, 12 цветов;1.29;23;1.68;2015/10/30 00:00:30 -0700;60
http://group.aliexpress.com/264778049-32324137864-detail.html;http://gtms04.alicdn.com/tps/i4/TB1gvC_KXXXXXcsXVXXqVMCNVXX-400-400.jpg;Серьги-кольца с белым фианитом, покрытие золото 18 К;1.58;60;3.99;2015/10/30 00:00:30 -0700;35
http://group.aliexpress.com/264778049-32324467615-detail.html;http://gtms01.alicdn.com/tps/i1/TB1eOG6JFXXXXaeXVXXqVMCNVXX-400-400.jpg;Часы унисекс на кожаном ремешке, под дерево;2.45;39;3.99;2015/10/30 00:00:30 -0700;60
http://group.aliexpress.com/264778049-32329616798-detail.html;http://gtms04.alicdn.com/tps/i4/TB1eZfgKXXXXXc6XFXXqVMCNVXX-400-400.jpg;Серьги из серебра 925 пробы;1.02;61;2.61;2015/10/30 00:00:30 -0700;60
http://group.aliexpress.com/264778049-32330006915-detail.html;http://gtms02.alicdn.com/tps/i2/TB1AwzhKXXXXXcnXFXXqVMCNVXX-400-400.jpg;Bluetooth-трекер для поиска вещей для iPhone, Android, 3 цвета;8.09;60;19.99;2015/10/30 00:00:30 -0700;60
http://group.aliexpress.com/264778049-32330338693-detail.html;http://gtms04.alicdn.com/tps/i4/TB1._juKXXXXXXYXpXXqVMCNVXX-400-400.jpg;Небьющаяся герметичная спортивная бутылка, 400 мл;2.21;49;4.31;2015/10/30 00:00:30 -0700;60
http://group.aliexpress.com/264778049-32330596028-detail.html;http://gtms01.alicdn.com/tps/i1/TB1mV2nKXXXXXXYXFXXqVMCNVXX-400-400.jpg;Средство от постакне, устранения шрамов и растяжек;2.44;99;169.00;2015/10/30 00:00:30 -0700;70
http://group.aliexpress.com/264778049-32330645836-detail.html;http://gtms02.alicdn.com/tps/i2/TB1VXYgKXXXXXcOXFXXqVMCNVXX-400-400.jpg;Аэратор поворотный для смесителя;0.97;19;1.20;2015/10/30 00:00:30 -0700;60
http://group.aliexpress.com/264778049-32330923356-detail.html;http://gtms03.alicdn.com/tps/i3/TB1tfztKXXXXXXzXpXXqVMCNVXX-400-400.jpg;Жёсткий чехол для Apple iPhone 5c, с принтом животных;0.74;55;1.65;2015/10/30 00:00:30 -0700;60
http://group.aliexpress.com/264778049-32331094843-detail.html;http://gtms01.alicdn.com/tps/i1/TB15R3UJFXXXXa.XVXXqVMCNVXX-400-400.jpg;Женские спортивные леггинсы, размеры S-XL;4.90;62;13.00;2015/10/30 00:00:30 -0700;60
http://group.aliexpress.com/264778049-32331104721-detail.html;http://gtms03.alicdn.com/tps/i3/TB1g56mKXXXXXX7XFXXqVMCNVXX-400-400.jpg;Кредитница из ПУ кожи, 7 цветов;5.74;59;13.86;2015/10/30 00:00:30 -0700;90
http://group.aliexpress.com/264778049-32332039136-detail.html;http://gtms04.alicdn.com/tps/i4/TB1bsjtKXXXXXaFXpXXqVMCNVXX-400-400.jpg;Женское летнее платье А-силуэта, из шифона, без рукава, с цветочным принтом;3.38;58;7.98;2015/10/30 00:00:30 -0700;60
http://group.aliexpress.com/264778049-32333846222-detail.html;http://gtms01.alicdn.com/tps/i1/TB1TYHnKXXXXXXKXFXXqVMCNVXX-400-400.jpg;Автомобильный FM-трансмиттер с пультом ДУ, MP3-плеером, ЖК-дисплей, USB, SD, MMC;5.91;65;16.85;2015/10/30 00:00:30 -0700;55
http://group.aliexpress.com/264778049-32334478565-detail.html;http://gtms01.alicdn.com/tps/i1/TB1mBjfKXXXXXc_XFXXqVMCNVXX-400-400.jpg;Серьги-кольца из серебра 925 пробы, с фианитом;0.73;26;0.98;2015/10/30 00:00:30 -0700;90
http://group.aliexpress.com/264778049-32334737722-detail.html;http://gtms03.alicdn.com/tps/i3/TB1PySmJFXXXXb0XVXXqVMCNVXX-400-400.jpg;Цепочка с подвеской, серьги и кольцо из серебра 925 пробы;2.28;24;2.99;2015/10/30 00:00:30 -0700;60
http://group.aliexpress.com/264778049-32337248931-detail.html;http://gtms04.alicdn.com/tps/i4/TB1BJHjKXXXXXX6XFXXqVMCNVXX-400-400.jpg;Женская дорожная многофункциональная косметичка;2.69;21;3.39;2015/10/30 00:00:30 -0700;90
http://group.aliexpress.com/264778049-32337977787-detail.html;http://gtms01.alicdn.com/tps/i1/TB1a1fxKXXXXXcRXXXXqVMCNVXX-400-400.jpg;Многофункциональный складной нож;3.92;44;6.99;2015/10/30 00:00:30 -0700;90
http://group.aliexpress.com/264778049-32342293492-detail.html;http://gtms02.alicdn.com/tps/i2/TB1Hua9KXXXXXcPXVXXqVMCNVXX-400-400.jpg;Гель-лак для ногтей, 12 мл;3.38;58;7.98;2015/10/30 00:00:30 -0700;60
http://group.aliexpress.com/264778049-32344193750-detail.html;http://gtms03.alicdn.com/tps/i3/TB1mLffKXXXXXXAXVXXqVMCNVXX-400-400.jpg;Крем в капсулах для лица, отбеливающий и увлажняющий эффект;0.59;40;0.99;2015/10/30 00:00:30 -0700;90
http://group.aliexpress.com/264778049-32344440569-detail.html;http://gtms04.alicdn.com/tps/i4/TB1fMflKXXXXXatXFXXqVMCNVXX-400-400.jpg;Женский кошелёк на молнии;11.88;57;27.76;2015/10/30 00:00:30 -0700;60
http://group.aliexpress.com/264778049-32345411066-detail.html;http://gtms03.alicdn.com/tps/i3/TB1trTAKXXXXXb9XXXXqVMCNVXX-400-400.jpg;Женский кошелёк из ПУ кожи;5.25;32;7.72;2015/10/30 00:00:30 -0700;35
http://group.aliexpress.com/264778049-32346386895-detail.html;http://gtms04.alicdn.com/tps/i4/TB1pSnAKXXXXXbSXXXXqVMCNVXX-400-400.jpg;Серьги из серебра 925 пробы, с фианитами;0.58;46;1.08;2015/10/30 00:00:30 -0700;90
http://group.aliexpress.com/264778049-32347124142-detail.html;http://gtms01.alicdn.com/tps/i1/TB1tVbqKXXXXXb_XpXXqVMCNVXX-400-400.jpg;Органайзер на спинку автомобильного сиденья;5.38;52;11.31;2015/10/30 00:00:30 -0700;45
http://group.aliexpress.com/264778049-32349079715-detail.html;http://gtms03.alicdn.com/tps/i3/TB1AlbsKXXXXXaPXpXXqVMCNVXX-400-400.jpg;Женские водонепроницаемые кварцевые часы с треугольным циферблатом;2.99;55;6.67;2015/10/30 00:00:30 -0700;60
http://group.aliexpress.com/264778049-32350138892-detail.html;http://gtms01.alicdn.com/tps/i1/TB1wP6iKXXXXXbOXFXXqVMCNVXX-400-400.jpg;5 шт./партия полоски для носа от чёрных точек;0.58;46;1.08;2015/10/30 00:00:30 -0700;90
http://group.aliexpress.com/264778049-32351426707-detail.html;http://gtms02.alicdn.com/tps/i2/TB1IsLBKXXXXXbzXXXXqVMCNVXX-400-400.jpg;USB зарядное устройство для iPhone 5, 4, 4S, Samsung Galaxy S2, S3, S4, HTC;0.50;72;1.80;2015/10/30 00:00:30 -0700;60
http://group.aliexpress.com/264778049-32353610796-detail.html;http://gtms02.alicdn.com/tps/i2/TB16rvBKXXXXXaJXXXXqVMCNVXX-400-400.jpg;Профессиональные HIFI наушники супер бас, разъём 3,5 мм;4.58;85;29.98;2015/10/30 00:00:30 -0700;35
http://group.aliexpress.com/264778049-32355373766-detail.html;http://gtms01.alicdn.com/tps/i1/TB1tmjtKXXXXXaqXpXXqVMCNVXX-400-400.jpg;10 шт./комплект детский игровой коврик-пазл 30х30 см;9.90;51;20.38;2015/10/30 00:00:30 -0700;60
http://group.aliexpress.com/264778049-32355836079-detail.html;http://gtms02.alicdn.com/tps/i2/TB1DSThKXXXXXcgXFXXqVMCNVXX-400-400.jpg;Женские туфли без каблука из натуральной кожи;13.14;83;78.00;2015/10/30 00:00:30 -0700;23
http://group.aliexpress.com/264778049-32358242494-detail.html;http://gtms04.alicdn.com/tps/i4/TB1j5W6KXXXXXXmaXXXqVMCNVXX-400-400.jpg;1 шт. эластичная повязка на голову для девочек;0.69;30;0.98;2015/10/30 00:00:30 -0700;90
http://group.aliexpress.com/264778049-32359484982-detail.html;http://gtms01.alicdn.com/tps/i1/TB1rKbxKXXXXXcxXXXXqVMCNVXX-400-400.jpg;1 пара согревающие массажные носки и хлопка;1.76;20;2.19;2015/10/30 00:00:30 -0700;90
http://group.aliexpress.com/264778049-32359986738-detail.html;http://gtms03.alicdn.com/tps/i3/TB1t36nKXXXXXXGXFXXqVMCNVXX-400-400.jpg;Треугольный держатель для автомобильного ремня безопасности, 3 цвета;1.22;27;1.67;2015/10/30 00:00:30 -0700;90
http://group.aliexpress.com/264778049-32361733322-detail.html;http://gtms01.alicdn.com/tps/i1/TB1jOrrKXXXXXbSXpXXqVMCNVXX-400-400.jpg;Гетры для девочек с кошкой, 7 цветов;1.38;18;1.69;2015/10/30 00:00:30 -0700;60
http://group.aliexpress.com/264778049-32361804474-detail.html;http://gtms02.alicdn.com/tps/i2/TB1Y9NAJVXXXXbhXVXXqVMCNVXX-400-400.jpg;Металлический флеш-накопитель USB 3.0 OTG, 16 ГБ, 32 ГБ, 64 ГБ;7.83;48;15.00;2015/10/30 00:00:30 -0700;50
http://group.aliexpress.com/264778049-32364486811-detail.html;http://gtms04.alicdn.com/tps/i4/TB10ujyKXXXXXcuXXXXqVMCNVXX-400-400.jpg;Мужской кожаный браслет ручной работы;0.92;47;1.74;2015/10/30 00:00:30 -0700;60
http://group.aliexpress.com/264778049-32365657202-detail.html;http://gtms03.alicdn.com/tps/i3/TB1KxvvKXXXXXcVXXXXqVMCNVXX-400-400.jpg;4 шт. колпачки на ниппель в виде кубиков;1.49;32;2.18;2015/10/30 00:00:30 -0700;60
http://group.aliexpress.com/264778049-32368551253-detail.html;http://gtms04.alicdn.com/tps/i4/TB1D1jAKXXXXXbNXXXXqVMCNVXX-400-400.jpg;Мотор A2212/6T и регулятор скорости для бесколлекторного двигателя 30 А;9.88;33;14.65;2015/10/30 00:00:30 -0700;90
http://group.aliexpress.com/264778049-32369333399-detail.html;http://gtms03.alicdn.com/tps/i3/TB1c357KXXXXXaeaXXXqVMCNVXX-400-400.jpg;20 шт. набор кистей для макияжа;3.89;22;4.98;2015/10/30 00:00:30 -0700;60
http://group.aliexpress.com/264778049-32370090398-detail.html;http://gtms04.alicdn.com/tps/i4/TB12HHjKXXXXXaOXFXXqVMCNVXX-400-400.jpg;Мини-гарнитура Bluetooth V4.0 для iPhone, Samsung;4.31;57;9.99;2015/10/30 00:00:30 -0700;35
http://group.aliexpress.com/264778049-32371422696-detail.html;http://gtms02.alicdn.com/tps/i2/TB1CBzBKXXXXXbwXXXXqVMCNVXX-400-400.jpg;1 шт. заколка для волос с жемчугом;0.53;64;1.48;2015/10/30 00:00:30 -0700;60
http://group.aliexpress.com/264778049-32372210654-detail.html;http://gtms03.alicdn.com/tps/i3/TB1XFDBKXXXXXaSXXXXqVMCNVXX-400-400.jpg;Цепочка с подвеской из кварца;0.95;47;1.78;2015/10/30 00:00:30 -0700;60
http://group.aliexpress.com/264778049-32373242753-detail.html;http://gtms01.alicdn.com/tps/i1/TB1UoTlKXXXXXabXFXXqVMCNVXX-400-400.jpg;Адаптер USB OTG;0.77;74;2.99;2015/10/30 00:00:30 -0700;60
http://group.aliexpress.com/264778049-32373477007-detail.html;http://gtms02.alicdn.com/tps/i2/TB1TM_rKXXXXXbGXpXXqVMCNVXX-400-400.jpg;Кабель micro usb и 8-pin USB для iPhone 5s, 6 plus, iPad 4, 5, Samsung S4, S5, S6, Android-телефонов;1.51;16;1.79;2015/10/30 00:00:30 -0700;60
http://group.aliexpress.com/264778049-32373709582-detail.html;http://gtms04.alicdn.com/tps/i4/TB1aBrjKXXXXXa3XFXXqVMCNVXX-400-400.jpg;4 шт. кассеты для мужского бритвенного станка;1.68;52;3.48;2015/10/30 00:00:30 -0700;60
http://group.aliexpress.com/264778049-32373876804-detail.html;http://gtms01.alicdn.com/tps/i1/TB1mnbsKXXXXXaWXpXXqVMCNVXX-400-400.jpg;Женские винтажные кварцевые часы, на позолоченном браслете с цветами и стразами;2.99;47;5.67;2015/10/30 00:00:30 -0700;60
http://group.aliexpress.com/264778049-32375698290-detail.html;http://gtms03.alicdn.com/tps/i3/TB11InfKXXXXXXsXVXXqVMCNVXX-400-400.jpg;USB переходник для Samsung Galaxy tab 2, 3 планшетов 10.1, 7.0 P1000 P1010 P7300 P7310 P7500 P7510, длина 1 м;0.70;21;0.89;2015/10/30 00:00:30 -0700;60
http://group.aliexpress.com/264778049-32378788900-detail.html;http://gtms03.alicdn.com/tps/i3/TB1YWLpKXXXXXckXpXXqVMCNVXX-400-400.jpg;1 шт. автомобильная светодиодная лента для дневных ходовых огней, 17 см;0.95;29;1.34;2015/10/30 00:00:30 -0700;90
http://group.aliexpress.com/264778049-32382921081-detail.html;http://gtms01.alicdn.com/tps/i1/TB1VoTFKXXXXXXhXXXXqVMCNVXX-400-400.jpg;Мужская повседневная приталенная пуховая куртка с воротником-стойка;15.99;56;35.99;2015/10/30 00:00:30 -0700;60
http://group.aliexpress.com/264778049-32383290404-detail.html;http://gtms01.alicdn.com/tps/i1/TB1BflDJVXXXXXpaXXXqVMCNVXX-400-400.jpg;Универсальный держатель для смартфонов на монопод для селфи;0.58;16;0.69;2015/10/30 00:00:30 -0700;60
http://group.aliexpress.com/264778049-32385903118-detail.html;http://gtms04.alicdn.com/tps/i4/TB1nvYgKXXXXXc2XFXXqVMCNVXX-400-400.jpg;Распылитель для цитрусового сока;0.50;44;0.89;2015/10/30 00:00:30 -0700;35
http://group.aliexpress.com/264778049-32388242072-detail.html;http://gtms01.alicdn.com/tps/i1/TB1Tu_lKXXXXXaDXFXXqVMCNVXX-400-400.jpg;Слюнявчики для детей 0-3 лет;1.15;27;1.58;2015/10/30 00:00:30 -0700;58
http://group.aliexpress.com/264778049-32389457158-detail.html;http://gtms04.alicdn.com/tps/i4/TB1SSbBKXXXXXaSXXXXqVMCNVXX-400-400.jpg;Женский купальник бикини;4.97;35;7.67;2015/10/30 00:00:30 -0700;60
http://group.aliexpress.com/264778049-32389727444-detail.html;http://gtms02.alicdn.com/tps/i2/TB1iz2pKXXXXXcSXpXXqVMCNVXX-400-400.jpg;1 шт. мужской кошелёк из текстиля;3.28;56;7.54;2015/10/30 00:00:30 -0700;60
http://group.aliexpress.com/264778049-32390495282-detail.html;http://gtms02.alicdn.com/tps/i2/TB1SirrKXXXXXbuXpXXqVMCNVXX-400-400.jpg;Планшет на системе Аndroid, 10,1-дюймовый дисплей, ОЗУ 1 ГБ, ПЗУ 8 ГБ, 2 SIM-карты, WIFI, 3G, GPS, Bluetooth;61.61;11;68.99;2015/10/30 00:00:30 -0700;45
http://group.aliexpress.com/264778049-32391286430-detail.html;http://gtms04.alicdn.com/tps/i4/TB178DsKXXXXXbiXpXXqVMCNVXX-400-400.jpg;Игровая оптическая USB-мышь 3200 DPI;4.25;91;48.00;2015/10/30 00:00:30 -0700;90
http://group.aliexpress.com/264778049-32391308551-detail.html;http://gtms02.alicdn.com/tps/i2/TB1u7jcKXXXXXa6XVXXqVMCNVXX-400-400.jpg;Солнцезащитный и антибликовый козырёк;7.46;24;9.87;2015/10/30 00:00:30 -0700;
http://group.aliexpress.com/264778049-32391991749-detail.html;http://gtms03.alicdn.com/tps/i3/TB1gWfyKXXXXXcLXXXXqVMCNVXX-400-400.jpg;Мужская вязаная шерстяная шапка;3.99;56;8.99;2015/10/30 00:00:30 -0700;60
http://group.aliexpress.com/264778049-32393210297-detail.html;http://gtms01.alicdn.com/tps/i1/TB1aPzuKXXXXXXOXpXXqVMCNVXX-400-400.jpg;Женские тёплые мягкие полусапоги;8.79;60;21.78;2015/10/30 00:00:30 -0700;90
http://group.aliexpress.com/264778049-32396253324-detail.html;http://gtms03.alicdn.com/tps/i3/TB10ODoKXXXXXXuXFXXqVMCNVXX-400-400.jpg;Женские кружевные трусики;0.87;56;1.98;2015/10/30 00:00:30 -0700;45
http://group.aliexpress.com/264778049-32397501234-detail.html;http://gtms02.alicdn.com/tps/i2/TB19M2wKXXXXXcDXXXXqVMCNVXX-400-400.jpg;2 шт./партия силиконовые накладки на соски для кормления;1.30;59;3.16;2015/10/30 00:00:30 -0700;60
http://group.aliexpress.com/264778049-32398293796-detail.html;http://gtms03.alicdn.com/tps/i3/TB1YRLDKXXXXXXLXXXXqVMCNVXX-400-400.jpg;Женская мини-сумка через плечо;3.10;33;4.61;2015/10/30 00:00:30 -0700;
http://group.aliexpress.com/264778049-32399255892-detail.html;http://gtms01.alicdn.com/tps/i1/TB17ubwKXXXXXc3XXXXqVMCNVXX-400-400.jpg;Автомобильная прозрачная защитная клейкая плёнка, толщина 0,2 мм, 10 смх3 м;2.51;64;7.00;2015/10/30 00:00:30 -0700;60
http://group.aliexpress.com/264778049-32400536426-detail.html;http://gtms02.alicdn.com/tps/i2/TB1jC2lKXXXXXaXXFXXqVMCNVXX-400-400.jpg;Светящийся кабель с micro USB для HTC, Android-телефонов, длина 1 м;0.86;20;1.08;2015/10/30 00:00:30 -0700;45
http://group.aliexpress.com/264778049-32401638681-detail.html;http://gtms02.alicdn.com/tps/i2/TB17HnmKXXXXXaoXFXXqVMCNVXX-400-400.jpg;Женская сумка-мессенджер из натуральной кожи;21.11;59;51.00;2015/10/30 00:00:30 -0700;35
http://group.aliexpress.com/264778049-32404259671-detail.html;http://gtms01.alicdn.com/tps/i1/TB1Mg6mKXXXXXacXFXXqVMCNVXX-400-400.jpg;Смазка для анального секса;3.20;95;60.00;2015/10/30 00:00:30 -0700;60
http://group.aliexpress.com/264778049-32411202587-detail.html;http://gtms01.alicdn.com/tps/i1/TB1QbjFKXXXXXXGXXXXqVMCNVXX-400-400.jpg;Бутылочка для кормления с ложкой;2.97;15;3.49;2015/10/30 00:00:30 -0700;60
http://group.aliexpress.com/264778049-32413724329-detail.html;http://gtms01.alicdn.com/tps/i1/TB1IkrhKXXXXXbWXFXXqVMCNVXX-400-400.jpg;Спортивные водонепроницаемые наушники-вкладыши с микрофоном, с наушным креплением;3.59;78;15.98;2015/10/30 00:00:30 -0700;35
http://group.aliexpress.com/264778049-32418585552-detail.html;http://gtms04.alicdn.com/tps/i4/TB1lcLsKXXXXXbiXpXXqVMCNVXX-400-400.jpg;Детская головоломка 5х5х5;1.10;37;1.75;2015/10/30 00:00:30 -0700;35
http://group.aliexpress.com/264778049-32422925634-detail.html;http://gtms01.alicdn.com/tps/i1/TB1T4bvKXXXXXXLXpXXqVMCNVXX-400-400.jpg;Детская шапочка с принтом овцы и надписью;1.04;42;1.80;2015/10/30 00:00:30 -0700;35
http://group.aliexpress.com/264778049-32434550876-detail.html;http://gtms03.alicdn.com/tps/i3/TB1PTnxKXXXXXcAXXXXqVMCNVXX-400-400.jpg;Лежанка для собак;3.28;56;7.47;2015/10/30 00:00:30 -0700;60
http://group.aliexpress.com/264778049-32434882158-detail.html;http://gtms04.alicdn.com/tps/i4/TB1Q5hoKXXXXXXHaXXXqVMCNVXX-400-400.jpg;Детские тёплые зимние леггинсы на меху;7.77;57;17.98;2015/10/30 00:00:30 -0700;60
http://group.aliexpress.com/264778049-32437398186-detail.html;http://gtms03.alicdn.com/tps/i3/TB1t7jgKXXXXXcwXFXXqVMCNVXX-400-400.jpg;Женский свитшот с принтом;3.89;55;8.74;2015/10/30 00:00:30 -0700;50
http://group.aliexpress.com/264778049-32442377322-detail.html;http://gtms01.alicdn.com/tps/i1/TB1Q_vtKXXXXXayXpXXqVMCNVXX-400-400.jpg;1 шт. силиконовая термостойкая подставка;0.96;10;1.07;2015/10/30 00:00:30 -0700;49
http://group.aliexpress.com/264778049-32445077673-detail.html;http://gtms03.alicdn.com/tps/i3/TB1m4veKXXXXXb6XFXXqVMCNVXX-400-400.jpg;Женская удлинённая зимняя куртка;37.00;57;85.36;2015/10/30 00:00:30 -0700;60
http://group.aliexpress.com/264778049-32445873999-detail.html;http://gtms01.alicdn.com/tps/i1/TB190_nKXXXXXXGXFXXqVMCNVXX-400-400.jpg;Игровой домик для детей;15.87;38;25.56;2015/10/30 00:00:30 -0700;60
http://group.aliexpress.com/264778049-32446545014-detail.html;http://gtms02.alicdn.com/tps/i2/TB1pSjvKXXXXXXtXpXXqVMCNVXX-400-400.jpg;Женский браслет с подвесками, серебряное покрытие;2.95;58;6.99;2015/10/30 00:00:30 -0700;35
http://group.aliexpress.com/264778049-32447288515-detail.html;http://gtms03.alicdn.com/tps/i3/TB15tznKXXXXXX2XFXXqVMCNVXX-400-400.jpg;Кошелёк в виде мультяшных героев;0.86;38;1.39;2015/10/30 00:00:30 -0700;60
http://group.aliexpress.com/264778049-32454032087-detail.html;http://gtms03.alicdn.com/tps/i3/TB1vq6qKXXXXXcBXpXXqVMCNVXX-400-400.jpg;Мужская зимняя лёгкая пуховая куртка, размеры M-5XL;25.92;55;57.60;2015/10/30 00:00:30 -0700;90
http://group.aliexpress.com/264778049-32457916560-detail.html;http://gtms04.alicdn.com/tps/i4/TB1DuYsKXXXXXbfXpXXqVMCNVXX-400-400.jpg;2 в 1 дозатор и распылитель для растительного масла;3.05;56;7.00;2015/10/30 00:00:30 -0700;45
http://group.aliexpress.com/264778049-32458529960-detail.html;http://gtms04.alicdn.com/tps/i4/TB1AXPrKXXXXXcfXpXXqVMCNVXX-400-400.jpg;Мужские классические кварцевые часы с ремешком из ПУ кожи;5.00;26;6.80;2015/10/30 00:00:30 -0700;60
http://group.aliexpress.com/264778049-32462525376-detail.html;http://gtms02.alicdn.com/tps/i2/TB1ribgKXXXXXbRXFXXqVMCNVXX-400-400.jpg;Тёплые бесшовные колготки 120D;2.12;15;2.49;2015/10/30 00:00:30 -0700;90
http://group.aliexpress.com/264778049-32463717394-detail.html;http://gtms02.alicdn.com/tps/i2/TB1hXYFKXXXXXXWXXXXqVMCNVXX-400-400.jpg;Вязаная шапка;4.19;48;7.99;2015/10/30 00:00:30 -0700;60
http://group.aliexpress.com/264778049-32464287479-detail.html;http://gtms03.alicdn.com/tps/i3/TB1RbC8KXXXXXXoaXXXqVMCNVXX-400-400.jpg;Мужская утеплённая куртка на молнии;21.90;51;45.00;2015/10/30 00:00:30 -0700;35
http://group.aliexpress.com/264778049-32465376155-detail.html;http://gtms02.alicdn.com/tps/i2/TB1ldrnKXXXXXX8XFXXqVMCNVXX-400-400.jpg;Половник для супа Лох-несское чудовище;1.62;30;2.30;2015/10/30 00:00:30 -0700;90
http://group.aliexpress.com/264778049-32471069457-detail.html;http://gtms04.alicdn.com/tps/i4/TB1MuTwKXXXXXXpXpXXqVMCNVXX-400-400.jpg;Виниловая съёмная наклейка на стену, ветка дерева, клетка и птицы;2.34;15;2.75;2015/10/30 00:00:30 -0700;90
http://group.aliexpress.com/265433049-1474773439-detail.html;http://gtms01.alicdn.com/tps/i1/TB1bXiaKXXXXXXOXFXXqVMCNVXX-400-400.jpg;HOLACA автоматический роторный держатель для штатива экшн-камеры Xiaomi Yi;17.18;52;35.79;2015/10/30 00:00:02 -0700;35
http://group.aliexpress.com/265433049-32318897885-detail.html;http://gtms03.alicdn.com/tps/i3/TB1kIinKXXXXXbEXXXXqVMCNVXX-400-400.jpg;HOLACA защитная рамка из алюминиевого сплава для экшн-камеры Xiaomi Yi;7.50;50;15.00;2015/10/30 00:00:02 -0700;35
http://group.aliexpress.com/265433049-32320258664-detail.html;http://gtms04.alicdn.com/tps/i4/TB17EKnKXXXXXbAXXXXqVMCNVXX-400-400.jpg;HOLACA водонепроницаемый телескопический монопод, крышка для объектива и чехол для экшн-камеры Xiaomi Yi;9.87;38;15.90;2015/10/30 00:00:02 -0700;35
http://group.aliexpress.com/265433049-32331185262-detail.html;http://gtms01.alicdn.com/tps/i1/TB1aWWiKXXXXXadXpXXqVMCNVXX-400-400.jpg;HOLACA набор держателей для экшн-камеры Xiaomi Yi;15.80;61;40.66;2015/10/30 00:00:02 -0700;35
http://group.aliexpress.com/265433049-32342514097-detail.html;http://gtms02.alicdn.com/tps/i2/TB1tq0WKXXXXXcdXVXXqVMCNVXX-400-400.jpg;HOLACA набор аксессуаров для экшн-камеры Xiaomi Yi;28.80;55;63.33;2015/10/30 00:00:02 -0700;35
http://group.aliexpress.com/265433049-32378100102-detail.html;http://gtms04.alicdn.com/tps/i4/TB1Aq0.KXXXXXXjXFXXqVMCNVXX-400-400.jpg;HOLACA Bluetooth пульт дистанционного спуска затвора 4.1 и чехол для аксессуаров для Xiaomi Yi;16.80;33;25.00;2015/10/30 00:00:02 -0700;35
http://group.aliexpress.com/265433049-32396415688-detail.html;http://gtms01.alicdn.com/tps/i1/TB1slyjKXXXXXXcXpXXqVMCNVXX-400-400.jpg;HOLACA Bluetooth пульт дистанционного спуска затвора 4.1 для Xiaomi Yi, 10 м;7.99;33;11.99;2015/10/30 00:00:02 -0700;35
http://group.aliexpress.com/265433049-32403798595-detail.html;http://gtms02.alicdn.com/tps/i2/TB19DCcKXXXXXcwXpXXqVMCNVXX-400-400.jpg;HOLACA двойной кронштейн для камер Gopro Sony Xiaomi Yi;6.22;30;8.88;2015/10/30 00:00:02 -0700;35
http://group.aliexpress.com/265433049-32410781625-detail.html;http://gtms03.alicdn.com/tps/i3/TB1SrF6KXXXXXcLXFXXqVMCNVXX-400-400.jpg;HOLACA монопод-поплавок для экшн-камер Gopro Xiaomi Yi;6.73;30;9.62;2015/10/30 00:00:02 -0700;35
http://group.aliexpress.com/266719017-32504005452-detail.html;http://gtms01.alicdn.com/tps/i1/TB1upCcKXXXXXaGXVXXqVMCNVXX-400-400.jpg;Смартфон Cubot H1 4G LTE, 5.5 дюймов, 4-ядерный MTK6735P, 2 ГБ ОЗУ, 16 ГБ ПЗУ, ОС Android 5.0, 5200 мАч;140.62;25;187.49;2015/10/30 00:00:00 -0700;35
http://group.aliexpress.com/266719017-32504005947-detail.html;http://gtms02.alicdn.com/tps/i2/TB1i2eyKXXXXXX9XpXXqVMCNVXX-400-400.jpg;Смартфон Cubot P11, 5 дюймов, 4-ядерный MTK6580, 1 ГБ ОЗУ, 8 ГБ ПЗУ, ОС Android 5.1;84.37;25;112.49;2015/10/30 00:00:00 -0700;35
http://group.aliexpress.com/266719017-32504294851-detail.html;http://gtms04.alicdn.com/tps/i4/TB1VMKzKXXXXXXkXpXXqVMCNVXX-400-400.jpg;Смартфон Cubot X9, 2 SIM-карты, 5 дюймов, 8-ядерный процессор MTK6592, 2 ГБ ОЗУ, 16 ГБ ПЗУ, ОС Android 4.4;126.56;25;168.74;2015/10/30 00:00:00 -0700;35
http://group.aliexpress.com/264778048-32442322400-detail.html;http://gtms04.alicdn.com/tps/i4/TB1BAXnKXXXXXceXFXXqVMCNVXX-400-400.jpg;Женское однотонное пуховое пальто;46.00;48;88.00;2015/10/27 00:00:30 -0700;60
http://group.aliexpress.com/264778048-32280962920-detail.html;http://gtms03.alicdn.com/tps/i3/TB1paNPKXXXXXXbXXXXqVMCNVXX-400-400.jpg;Хлопково-льняной чехол для декоративных подушек;2.58;35;3.99;2015/10/27 00:00:30 -0700;90
http://group.aliexpress.com/264778048-32247532059-detail.html;http://gtms01.alicdn.com/tps/i1/TB1jjhIKXXXXXbrXXXXqVMCNVXX-400-400.jpg;Микро SD карта 128 Мб-32 ГБ, класс 10;4.40;10;4.89;2015/10/27 00:00:30 -0700;60
http://group.aliexpress.com/264778048-32330254952-detail.html;http://gtms04.alicdn.com/tps/i4/TB17PRCKXXXXXX_XpXXqVMCNVXX-400-400.jpg;Антивозрастной серум для лица с пептидами аргирелина, алоэ вера, коллагена;1.76;99;196.00;2015/10/27 00:00:30 -0700;70
http://group.aliexpress.com/264778048-2046446544-detail.html;http://gtms04.alicdn.com/tps/i4/TB134BFKXXXXXcEXXXXqVMCNVXX-400-400.jpg;Женская сумка-хобо через плечо из ПУ кожи;7.60;61;19.66;2015/10/27 00:00:30 -0700;90
http://group.aliexpress.com/264778048-2055276175-detail.html;http://gtms04.alicdn.com/tps/i4/TB1PIxBKXXXXXa2XpXXqVMCNVXX-400-400.jpg;Женская вязаная повязка на голову из натурального кроличьего меха;7.80;72;28.00;2015/10/27 00:00:30 -0700;60
http://group.aliexpress.com/264778048-1686344389-detail.html;http://gtms02.alicdn.com/tps/i2/TB13M8FKXXXXXcYXXXXqVMCNVXX-400-400.jpg;Женские покрытые 18 К розовым и белым золотом серьги-гвоздики с фианитами;1.90;74;7.45;2015/10/27 00:00:30 -0700;60
http://group.aliexpress.com/264778048-1777830749-detail.html;http://gtms02.alicdn.com/tps/i2/TB1bWloKXXXXXb6XFXXqVMCNVXX-400-400.jpg;Мужские ботинки из натуральной кожи, с мехом;37.67;19;46.50;2015/10/27 00:00:30 -0700;35
http://group.aliexpress.com/264778048-500057248-detail.html;http://gtms01.alicdn.com/tps/i1/TB1RPBuKXXXXXXOXFXXqVMCNVXX-400-400.jpg;Автомобильная светодиодная лампа 13SMD 5050 12 В;3.20;20;4.00;2015/10/27 00:00:30 -0700;60
http://group.aliexpress.com/264778048-544091404-detail.html;http://gtms02.alicdn.com/tps/i2/TB1ysVBKXXXXXaQXpXXqVMCNVXX-400-400.jpg;Женские серьги с кристаллами, 23 цвета;1.37;46;2.54;2015/10/27 00:00:30 -0700;90
http://group.aliexpress.com/264778048-621148928-detail.html;http://gtms02.alicdn.com/tps/i2/TB1dClGKXXXXXcpXXXXqVMCNVXX-400-400.jpg;Покрытое 18 К золотом обручальное кольцо с фианитом 1 карат;1.24;60;3.08;2015/10/27 00:00:30 -0700;50
http://group.aliexpress.com/264778048-890545004-detail.html;http://gtms03.alicdn.com/tps/i3/TB1XzthKXXXXXbkXVXXqVMCNVXX-400-400.jpg;Бленда для объектива CANON, 50 мм f/1.4 USM;1.31;56;2.99;2015/10/27 00:00:30 -0700;45
http://group.aliexpress.com/264778048-997127969-detail.html;http://gtms01.alicdn.com/tps/i1/TB1Lt4lKXXXXXXHXVXXqVMCNVXX-400-400.jpg;Компаунд-гель для очищения от пыли;1.36;41;2.32;2015/10/27 00:00:30 -0700;45
http://group.aliexpress.com/264778048-1097336196-detail.html;http://gtms03.alicdn.com/tps/i3/TB1N3BfKXXXXXcnXVXXqVMCNVXX-400-400.jpg;Женские узкие джинсы-карандаш;9.99;58;23.80;2015/10/27 00:00:30 -0700;90
http://group.aliexpress.com/264778048-1110654921-detail.html;http://gtms04.alicdn.com/tps/i4/TB15VluKXXXXXXVXFXXqVMCNVXX-400-400.jpg;Профессиональный триммер-расчёска с двумя лезвиями;0.59;40;0.99;2015/10/27 00:00:30 -0700;45
http://group.aliexpress.com/264778048-1126310842-detail.html;http://gtms02.alicdn.com/tps/i2/TB1_CtGKXXXXXcuXXXXqVMCNVXX-400-400.jpg;5 пар/набор, палочки из нержавеющей стали с цветочным принтом;3.23;64;8.99;2015/10/27 00:00:30 -0700;23
http://group.aliexpress.com/264778048-1291766814-detail.html;http://gtms02.alicdn.com/tps/i2/TB1M9RlKXXXXXXGXVXXqVMCNVXX-400-400.jpg;Брошь из голубых акриловых страз с булавкой;1.68;53;3.55;2015/10/27 00:00:30 -0700;60
http://group.aliexpress.com/264778048-1504963078-detail.html;http://gtms04.alicdn.com/tps/i4/TB1ZhJEKXXXXXcBXXXXqVMCNVXX-400-400.jpg;Мужской длинный бумажник из натуральной воловьей кожи;11.00;87;87.60;2015/10/27 00:00:30 -0700;60
http://group.aliexpress.com/264778048-1518636112-detail.html;http://gtms01.alicdn.com/tps/i1/TB18WRDKXXXXXXYXpXXqVMCNVXX-400-400.jpg;Женское кольцо из стерлингового серебра 925 пробы с искусственными алмазами;1.42;47;2.69;2015/10/27 00:00:30 -0700;60
http://group.aliexpress.com/264778048-1557384557-detail.html;http://gtms03.alicdn.com/tps/i3/TB1sXdvKXXXXXXsXFXXqVMCNVXX-400-400.jpg;Ожерелье-чокер с эмалированной подвеской в виде полумесяца;1.76;56;3.99;2015/10/27 00:00:30 -0700;60
http://group.aliexpress.com/264778048-1577703589-detail.html;http://gtms02.alicdn.com/tps/i2/TB1UMxvKXXXXXXlXFXXqVMCNVXX-400-400.jpg;AUX кабель с позолоченными джек-разъёмами 3,5 мм;2.00;60;5.00;2015/10/27 00:00:30 -0700;35
http://group.aliexpress.com/264778048-1579485354-detail.html;http://gtms01.alicdn.com/tps/i1/TB1lq8mKXXXXXcxXFXXqVMCNVXX-400-400.jpg;Детский рюкзак с поводком;2.51;75;9.99;2015/10/27 00:00:30 -0700;35
http://group.aliexpress.com/264778048-1609777250-detail.html;http://gtms03.alicdn.com/tps/i3/TB18gFDKXXXXXXRXpXXqVMCNVXX-400-400.jpg;Питающий блеск для губ с витамином Е, 10 г, 12 цветов;1.69;69;5.49;2015/10/27 00:00:30 -0700;23
http://group.aliexpress.com/264778048-1639172740-detail.html;http://gtms03.alicdn.com/tps/i3/TB11qtTJVXXXXaHXXXXqVMCNVXX-400-400.jpg;Водонепроницаемая электрическая зубная щётка;5.95;46;10.99;2015/10/27 00:00:30 -0700;70
http://group.aliexpress.com/264778048-1680316366-detail.html;http://gtms04.alicdn.com/tps/i4/TB1svxjKXXXXXaFXVXXqVMCNVXX-400-400.jpg;Покрытая 18 К розовым золотом цепочка с подвеской с фианитами;3.80;76;16.00;2015/10/27 00:00:30 -0700;60
http://group.aliexpress.com/264778048-1685474347-detail.html;http://gtms04.alicdn.com/tps/i4/TB1NidKKXXXXXa3XXXXqVMCNVXX-400-400.jpg;Китайский женьшеневый чай улун, 250 г;5.95;69;18.92;2015/10/27 00:00:30 -0700;60
http://group.aliexpress.com/264778048-1690074489-detail.html;http://gtms04.alicdn.com/tps/i4/TB15FttKXXXXXXYXFXXqVMCNVXX-400-400.jpg;Покрытое 18 К золотом кольцо с розовым фианитом;1.27;56;2.88;2015/10/27 00:00:30 -0700;45
http://group.aliexpress.com/264778048-1690204482-detail.html;http://gtms01.alicdn.com/tps/i1/TB1yx4AKXXXXXa_XpXXqVMCNVXX-400-400.jpg;Покрытое 24 К жёлтым золотом кольцо с овальным сапфиром и белыми фианитами;1.50;62;3.97;2015/10/27 00:00:30 -0700;45
http://group.aliexpress.com/264778048-1747759009-detail.html;http://gtms03.alicdn.com/tps/i3/TB1UBtpKXXXXXbzXFXXqVMCNVXX-400-400.jpg;Женские солнцезащитные очки УФ-400;1.49;50;2.99;2015/10/27 00:00:30 -0700;60
http://group.aliexpress.com/264778048-1749348561-detail.html;http://gtms04.alicdn.com/tps/i4/TB1nWBnKXXXXXclXFXXqVMCNVXX-400-400.jpg;Покрытые 14 К золотом женские серьги с австрийскими кристаллами;1.10;71;3.84;2015/10/27 00:00:30 -0700;90
http://group.aliexpress.com/264778048-1751939153-detail.html;http://gtms02.alicdn.com/tps/i2/TB18tVNKXXXXXXVXXXXqVMCNVXX-400-400.jpg;Плиссированная юбка на высокой талии, 10 цветов;9.70;25;12.99;2015/10/27 00:00:30 -0700;90
http://group.aliexpress.com/264778048-1847315216-detail.html;http://gtms02.alicdn.com/tps/i2/TB19chxKXXXXXcHXpXXqVMCNVXX-400-400.jpg;Женский кошелёк из натуральной кожи, на молнии;7.55;77;32.70;2015/10/27 00:00:30 -0700;90
http://group.aliexpress.com/264778048-1848965584-detail.html;http://gtms04.alicdn.com/tps/i4/TB1uyFfKXXXXXctXVXXqVMCNVXX-400-400.jpg;Силиконовый разделитель для коррекции бурсита большого пальца стопы;0.99;55;2.20;2015/10/27 00:00:30 -0700;35
http://group.aliexpress.com/264778048-1870736729-detail.html;http://gtms03.alicdn.com/tps/i3/TB1wIlCKXXXXXawXpXXqVMCNVXX-400-400.jpg;Софтбокс для фотостудии, 40х40 см, 4 фона;9.63;19;11.90;2015/10/27 00:00:30 -0700;45
http://group.aliexpress.com/264778048-1887840787-detail.html;http://gtms01.alicdn.com/tps/i1/TB1PbpJKXXXXXbGXXXXqVMCNVXX-400-400.jpg;Прессованная пудра для макияжа;2.83;62;7.54;2015/10/27 00:00:30 -0700;35
http://group.aliexpress.com/264778048-1919238119-detail.html;http://gtms04.alicdn.com/tps/i4/TB13t4HKXXXXXbTXXXXqVMCNVXX-400-400.jpg;Прозрачная защитная плёнка из закалённого стекла для Samsung Galaxy S4 i9500;1.49;63;3.98;2015/10/27 00:00:30 -0700;60
http://group.aliexpress.com/264778048-1933955141-detail.html;http://gtms02.alicdn.com/tps/i2/TB15cJxKXXXXXcyXpXXqVMCNVXX-400-400.jpg;Ультра тонкая задняя крышка с силиконовым слоем для Samsung Galaxy S5 i9600;1.65;39;2.70;2015/10/27 00:00:30 -0700;60
http://group.aliexpress.com/264778048-1936475744-detail.html;http://gtms03.alicdn.com/tps/i3/TB1budlKXXXXXXtXVXXqVMCNVXX-400-400.jpg;Солнцезащитные очки ночного видения в золотистой оправе;1.67;42;2.86;2015/10/27 00:00:30 -0700;60
http://group.aliexpress.com/264778048-1956936925-detail.html;http://gtms01.alicdn.com/tps/i1/TB1udRGKXXXXXcKXXXXqVMCNVXX-400-400.jpg;Дорожный органайзер для детских принадлежностей, 7 секций;1.07;23;1.39;2015/10/27 00:00:30 -0700;45
http://group.aliexpress.com/264778048-1958994191-detail.html;http://gtms03.alicdn.com/tps/i3/TB120lnKXXXXXczXFXXqVMCNVXX-400-400.jpg;Короткая майка-холтер, чёрный цвет;0.83;19;1.03;2015/10/27 00:00:30 -0700;45
http://group.aliexpress.com/264778048-1959350545-detail.html;http://gtms04.alicdn.com/tps/i4/TB1V7NDKXXXXXXPXpXXqVMCNVXX-400-400.jpg;Easycap USB 2.0 устройство аудио- и видеозахвата;4.60;39;7.57;2015/10/27 00:00:30 -0700;90
http://group.aliexpress.com/264778048-1963943341-detail.html;http://gtms01.alicdn.com/tps/i1/TB1UkXeKXXXXXbSXVXXqVMCNVXX-400-400.jpg;Мужские ботинки из натуральной кожи, на шнуровке;36.43;59;88.00;2015/10/27 00:00:30 -0700;60
http://group.aliexpress.com/264778048-1968612823-detail.html;http://gtms01.alicdn.com/tps/i1/TB1zeBsKXXXXXajXFXXqVMCNVXX-400-400.jpg;Женские серьги-капельки с голубым хрусталём и кристаллами;0.73;78;3.31;2015/10/27 00:00:30 -0700;60
http://group.aliexpress.com/264778048-1975120904-detail.html;http://gtms02.alicdn.com/tps/i2/TB1yRphKXXXXXa8XVXXqVMCNVXX-400-400.jpg;Нейлоновый поводок для питомцев;0.70;29;0.99;2015/10/27 00:00:30 -0700;45
http://group.aliexpress.com/264778048-1975498157-detail.html;http://gtms04.alicdn.com/tps/i4/TB1TydiKXXXXXaHXVXXqVMCNVXX-400-400.jpg;Цифровой измеритель света 200 000 люксов;10.29;26;13.95;2015/10/27 00:00:30 -0700;89
http://group.aliexpress.com/264778048-2001724173-detail.html;http://gtms02.alicdn.com/tps/i2/TB1qqXkKXXXXXX7XVXXqVMCNVXX-400-400.jpg;Автоматическая магнитная беспроводная светодиодная лампа с датчиком, для шкафов;1.65;52;3.43;2015/10/27 00:00:30 -0700;45
http://group.aliexpress.com/264778048-2001729211-detail.html;http://gtms03.alicdn.com/tps/i3/TB12blHKXXXXXcpXXXXqVMCNVXX-400-400.jpg;Складные солнцезащитные очки со встроенной беспроводной Bluetooth гарнитурой;10.78;46;19.98;2015/10/27 00:00:30 -0700;90
http://group.aliexpress.com/264778048-2012029005-detail.html;http://gtms04.alicdn.com/tps/i4/TB1eiVsKXXXXXXGXFXXqVMCNVXX-400-400.jpg;Автомобильная камера заднего вида NTSC/PAL, чёрный цвет;7.00;44;12.50;2015/10/27 00:00:30 -0700;75
http://group.aliexpress.com/264778048-2029769450-detail.html;http://gtms02.alicdn.com/tps/i2/TB1EqXAKXXXXXblXpXXqVMCNVXX-400-400.jpg;Женские длинные джинсы-карандаш, голубой цвет;14.20;20;17.80;2015/10/27 00:00:30 -0700;35
http://group.aliexpress.com/264778048-2032968643-detail.html;http://gtms01.alicdn.com/tps/i1/TB1dAXzKXXXXXbEXpXXqVMCNVXX-400-400.jpg;Матовый жёсткий чехол из алюминия и ПК для iPhone 5S 5, 5 цветов;0.81;83;4.76;2015/10/27 00:00:30 -0700;90
http://group.aliexpress.com/264778048-2034096172-detail.html;http://gtms02.alicdn.com/tps/i2/TB1U74iKXXXXXa_XVXXqVMCNVXX-400-400.jpg;Открытое кольцо из серебра 925 пробы;0.80;60;1.98;2015/10/27 00:00:30 -0700;50
http://group.aliexpress.com/264778048-2035213711-detail.html;http://gtms02.alicdn.com/tps/i2/TB1I_lhKXXXXXaLXVXXqVMCNVXX-400-400.jpg;Женский рюкзак из ПУ кожи;16.70;37;26.52;2015/10/27 00:00:30 -0700;35
http://group.aliexpress.com/264778048-2040606327-detail.html;http://gtms03.alicdn.com/tps/i3/TB1J_XHKXXXXXccXXXXqVMCNVXX-400-400.jpg;Женские мокасины, белый и чёрный цвета, размеры 35-40;10.80;40;18.00;2015/10/27 00:00:30 -0700;60
http://group.aliexpress.com/264778048-2041812392-detail.html;http://gtms04.alicdn.com/tps/i4/TB1EuVhKXXXXXbHXVXXqVMCNVXX-400-400.jpg;1 шт., силиконовые формы для яичницы и блинов;0.55;38;0.89;2015/10/27 00:00:30 -0700;90
http://group.aliexpress.com/264778048-2041902126-detail.html;http://gtms02.alicdn.com/tps/i2/TB1KWFzKXXXXXb.XpXXqVMCNVXX-400-400.jpg;Женские серьги с круглым белым топазом;2.60;30;3.72;2015/10/27 00:00:30 -0700;45
http://group.aliexpress.com/264778048-2042278909-detail.html;http://gtms04.alicdn.com/tps/i4/TB1Eb8rKXXXXXaVXFXXqVMCNVXX-400-400.jpg;Мужская футболка с длинными рукавами, круглым вырезом;7.52;16;8.99;2015/10/27 00:00:30 -0700;35
http://group.aliexpress.com/264778048-2043641115-detail.html;http://gtms01.alicdn.com/tps/i1/TB1PFdGKXXXXXcCXXXXqVMCNVXX-400-400.jpg;Хлопковое двубортное пальто для девочек;9.01;31;13.00;2015/10/27 00:00:30 -0700;60
http://group.aliexpress.com/264778048-2044987897-detail.html;http://gtms02.alicdn.com/tps/i2/TB1hiJKKXXXXXaYXXXXqVMCNVXX-400-400.jpg;Покрытое 18 К золотом 3-цветное женское кольцо;1.98;73;7.34;2015/10/27 00:00:30 -0700;50
http://group.aliexpress.com/264778048-2048262876-detail.html;http://gtms01.alicdn.com/tps/i1/TB1IzhGKXXXXXcfXXXXqVMCNVXX-400-400.jpg;Многофункциональный кухонный нож из нержавеющей стали, 7 дюймов;11.00;73;40.88;2015/10/27 00:00:30 -0700;35
http://group.aliexpress.com/264778048-2053113224-detail.html;http://gtms01.alicdn.com/tps/i1/TB1cv4MKXXXXXakXXXXqVMCNVXX-400-400.jpg;Универсальная беспроводная стерео Bluetooth гарнитура V3.0;6.31;20;7.89;2015/10/27 00:00:30 -0700;60
http://group.aliexpress.com/264778048-2055142457-detail.html;http://gtms02.alicdn.com/tps/i2/TB1y_dCKXXXXXXVXpXXqVMCNVXX-400-400.jpg;Женские зимние кожаные перчатки;3.96;27;5.39;2015/10/27 00:00:30 -0700;70
http://group.aliexpress.com/264778048-2055715323-detail.html;http://gtms01.alicdn.com/tps/i1/TB1fhFqKXXXXXa7XFXXqVMCNVXX-400-400.jpg;Покрытые 18 К золотом женские серьги-гвоздики с австрийскими кристаллами;2.35;58;5.58;2015/10/27 00:00:30 -0700;90
http://group.aliexpress.com/264778048-32217433220-detail.html;http://gtms01.alicdn.com/tps/i1/TB1v1NeKXXXXXbZXVXXqVMCNVXX-400-400.jpg;Двухслойная тёплая ветрозащитная шапка-балаклава;2.57;63;7.00;2015/10/27 00:00:30 -0700;60
http://group.aliexpress.com/264778048-32222891150-detail.html;http://gtms01.alicdn.com/tps/i1/TB1GIlBKXXXXXaDXpXXqVMCNVXX-400-400.jpg;Женские хлопковые эластичные леггинсы с плюшем внутри;5.40;61;13.99;2015/10/27 00:00:30 -0700;90
http://group.aliexpress.com/264778048-32223452722-detail.html;http://gtms03.alicdn.com/tps/i3/TB1y8VkKXXXXXXOXVXXqVMCNVXX-400-400.jpg;BAMOER покрытое 18 К розовым золотом женское кольцо с разноцветными фианитами;2.06;69;6.60;2015/10/27 00:00:30 -0700;35
http://group.aliexpress.com/264778048-32229073049-detail.html;http://gtms02.alicdn.com/tps/i2/TB1ZhxHKXXXXXcvXXXXqVMCNVXX-400-400.jpg;Женский комплект атласного кружевного нижнего белья;3.69;20;4.59;2015/10/27 00:00:30 -0700;60
http://group.aliexpress.com/264778048-32232456395-detail.html;http://gtms02.alicdn.com/tps/i2/TB1QC8JKXXXXXbwXXXXqVMCNVXX-400-400.jpg;1 шт., позолоченное кольцо с разноцветными австрийскими кристаллами;1.14;48;2.19;2015/10/27 00:00:30 -0700;30
http://group.aliexpress.com/264778048-32234752018-detail.html;http://gtms02.alicdn.com/tps/i2/TB1vT8pKXXXXXbwXFXXqVMCNVXX-400-400.jpg;25 шт./упаковка, питьевые соломинки из биоразлагаемой бумаги;0.85;34;1.28;2015/10/27 00:00:30 -0700;90
http://group.aliexpress.com/264778048-32236558485-detail.html;http://gtms01.alicdn.com/tps/i1/TB1jJpvKXXXXXXXXFXXqVMCNVXX-400-400.jpg;Женский кожаный клатч на молнии;0.99;75;3.95;2015/10/27 00:00:30 -0700;60
http://group.aliexpress.com/264778048-32238499045-detail.html;http://gtms01.alicdn.com/tps/i1/TB1jJdHKXXXXXa3XXXXqVMCNVXX-400-400.jpg;Водонепроницаемая многофункциональная сумка для цифровых видеокамер;21.18;56;48.68;2015/10/27 00:00:30 -0700;35
http://group.aliexpress.com/264778048-32241220435-detail.html;http://gtms02.alicdn.com/tps/i2/TB1_d4NKXXXXXXRXXXXqVMCNVXX-400-400.jpg;Брелок-искатель ключей со светодиодной подсветкой, белый цвет;0.75;33;1.12;2015/10/27 00:00:30 -0700;45
http://group.aliexpress.com/264778048-32242008842-detail.html;http://gtms01.alicdn.com/tps/i1/TB1metBKXXXXXaQXpXXqVMCNVXX-400-400.jpg;Вольтметр-термометр с цифровым дисплеем для автомобильного аккумулятора;3.13;16;3.73;2015/10/27 00:00:30 -0700;45
http://group.aliexpress.com/264778048-32242764363-detail.html;http://gtms03.alicdn.com/tps/i3/TB1OOFxKXXXXXcUXpXXqVMCNVXX-400-400.jpg;3-светодиодный заводной фонарь;1.46;46;2.70;2015/10/27 00:00:30 -0700;45
http://group.aliexpress.com/264778048-32246799261-detail.html;http://gtms01.alicdn.com/tps/i1/TB1mkNnKXXXXXcyXFXXqVMCNVXX-400-400.jpg;Женский длинный трикотажный кардиган;16.72;16;19.98;2015/10/27 00:00:30 -0700;50
http://group.aliexpress.com/264778048-32254376487-detail.html;http://gtms04.alicdn.com/tps/i4/TB12B8nKXXXXXbVXFXXqVMCNVXX-400-400.jpg;Вельветовая плёнка для автомобильного стайлинга, 135х30 см, 8 цветов;5.28;22;6.75;2015/10/27 00:00:30 -0700;35
http://group.aliexpress.com/264778048-32256736482-detail.html;http://gtms01.alicdn.com/tps/i1/TB1CvFyKXXXXXchXpXXqVMCNVXX-400-400.jpg;4 в 1 адаптеры для SIM-карт и игла для извлечения карт для iPhone 4 5 6;0.77;60;1.94;2015/10/27 00:00:30 -0700;90
http://group.aliexpress.com/264778048-32258042918-detail.html;http://gtms04.alicdn.com/tps/i4/TB1jDpEKXXXXXXhXpXXqVMCNVXX-400-400.jpg;50 шт./упаковка, спиралевидные гелевые воздушные шары для декорации;2.39;26;3.21;2015/10/27 00:00:30 -0700;60
http://group.aliexpress.com/264778048-32260170207-detail.html;http://gtms01.alicdn.com/tps/i1/TB1OSJyKXXXXXb_XpXXqVMCNVXX-400-400.jpg;1 шт., дорожная сумка-органайзер из нетканого материала;0.83;56;1.89;2015/10/27 00:00:30 -0700;60
http://group.aliexpress.com/264778048-32260655105-detail.html;http://gtms01.alicdn.com/tps/i1/TB1yfFDKXXXXXXeXpXXqVMCNVXX-400-400.jpg;Складной 4,3-дюймовый 16:9 TFT ЖК-монитор заднего вида 12 В;13.49;35;20.83;2015/10/27 00:00:30 -0700;90
http://group.aliexpress.com/264778048-32260661281-detail.html;http://gtms02.alicdn.com/tps/i2/TB1nkxzKXXXXXaOXpXXqVMCNVXX-400-400.jpg;Серум для лица с экстрактами гиалуроновой кислоты, аргирелина, улитки, витамина С;1.05;66;3.09;2015/10/27 00:00:30 -0700;90
http://group.aliexpress.com/264778048-32263239411-detail.html;http://gtms01.alicdn.com/tps/i1/TB1RilNKXXXXXXPXXXXqVMCNVXX-400-400.jpg;Женские посеребрённые серьги с жемчугом;0.99;75;3.98;2015/10/27 00:00:30 -0700;60
http://group.aliexpress.com/264778048-32263623446-detail.html;http://gtms04.alicdn.com/tps/i4/TB1jJXCKXXXXXcIXXXXqVMCNVXX-400-400.jpg;Мягкая щётка для глубокого очищения лица;2.20;24;2.91;2015/10/27 00:00:30 -0700;45
http://group.aliexpress.com/264778048-32264335750-detail.html;http://gtms02.alicdn.com/tps/i2/TB1WDxFKXXXXXcTXXXXqVMCNVXX-400-400.jpg;2 шт., эластичный суппорт голеностопа;0.80;52;1.65;2015/10/27 00:00:30 -0700;45
http://group.aliexpress.com/264778048-32264676003-detail.html;http://gtms01.alicdn.com/tps/i1/TB1aRlxKXXXXXcFXpXXqVMCNVXX-400-400.jpg;Ожерелье из серебра 925 пробы с подвеской со стразами, 10 мм 18 дюймов;1.07;96;29.80;2015/10/27 00:00:30 -0700;60
http://group.aliexpress.com/264778048-32270672806-detail.html;http://gtms01.alicdn.com/tps/i1/TB19LJMKXXXXXaqXXXXqVMCNVXX-400-400.jpg;Женская хлопковая шапка, 4 цвета;2.33;33;3.46;2015/10/27 00:00:30 -0700;90
http://group.aliexpress.com/264778048-32272078896-detail.html;http://gtms03.alicdn.com/tps/i3/TB1cZBFKXXXXXcOXXXXqVMCNVXX-400-400.jpg;Сменный передний сенсорный ЖК-экран для iPhone 5 5S 5C, белый цвет, с инструментами и 3М стикером;4.90;28;6.80;2015/10/27 00:00:30 -0700;35
http://group.aliexpress.com/264778048-32273793791-detail.html;http://gtms04.alicdn.com/tps/i4/TB1qmhyKXXXXXa7XpXXqVMCNVXX-400-400.jpg;Мягкие хлопковые перчатки для сенсорных экранов;0.80;58;1.90;2015/10/27 00:00:30 -0700;45
http://group.aliexpress.com/264778048-32274710108-detail.html;http://gtms03.alicdn.com/tps/i3/TB13pXsKXXXXXaiXFXXqVMCNVXX-400-400.jpg;Детское платье с цветочками;5.51;56;12.49;2015/10/27 00:00:30 -0700;60
http://group.aliexpress.com/264778048-32275795344-detail.html;http://gtms04.alicdn.com/tps/i4/TB1bUJhKXXXXXblXVXXqVMCNVXX-400-400.jpg;Женская сумка-хобо с кисточкой;13.72;52;28.72;2015/10/27 00:00:30 -0700;60
http://group.aliexpress.com/264778048-32279063392-detail.html;http://gtms02.alicdn.com/tps/i2/TB1FURxKXXXXXcLXpXXqVMCNVXX-400-400.jpg;Женские сексуальные трусики;0.90;35;1.39;2015/10/27 00:00:30 -0700;45
http://group.aliexpress.com/264778048-32279237620-detail.html;http://gtms04.alicdn.com/tps/i4/TB1EBlvKXXXXXXdXFXXqVMCNVXX-400-400.jpg;2 шт., женские менструальные силиконовые чаши;1.39;61;3.59;2015/10/27 00:00:30 -0700;60
http://group.aliexpress.com/264778048-32291427022-detail.html;http://gtms04.alicdn.com/tps/i4/TB1LElfKXXXXXbJXFXXqVMCNVXX-400-400.jpg;Хлопковые футболки супермена для пар, с круглым вырезом, короткими рукавами;5.99;40;9.99;2015/10/27 00:00:30 -0700;
http://group.aliexpress.com/264778048-32298161583-detail.html;http://gtms02.alicdn.com/tps/i2/TB1kp0nKXXXXXcsXFXXqVMCNVXX-400-400.jpg;Оригинальный смартфон S5870, 3,5-дюймовый IPS сенсорный экран, двухсимочный, GSM Android, русский язык;28.00;30;39.99;2015/10/27 00:00:30 -0700;60
http://group.aliexpress.com/264778048-32298914151-detail.html;http://gtms02.alicdn.com/tps/i2/TB15uxAKXXXXXbjXpXXqVMCNVXX-400-400.jpg;Лабораторные защитные очки;0.98;16;1.17;2015/10/27 00:00:30 -0700;60
http://group.aliexpress.com/264778048-32301696351-detail.html;http://gtms04.alicdn.com/tps/i4/TB1_Q4BKXXXXXaOXpXXqVMCNVXX-400-400.jpg;Китайский органический зелёный чай маття, 250 г;6.48;67;19.60;2015/10/27 00:00:30 -0700;55
http://group.aliexpress.com/264778048-32302685717-detail.html;http://gtms02.alicdn.com/tps/i2/TB1QhdIKXXXXXb0XXXXqVMCNVXX-400-400.jpg;10 шт., меламиновая губка для кухонных пятен;0.85;46;1.58;2015/10/27 00:00:30 -0700;90
http://group.aliexpress.com/264778048-32303781621-detail.html;http://gtms02.alicdn.com/tps/i2/TB1xeJHKXXXXXcxXXXXqVMCNVXX-400-400.jpg;Женское кольцо из стерлингового серебра 925 пробы с жемчугом;2.79;94;49.90;2015/10/27 00:00:30 -0700;60
http://group.aliexpress.com/264778048-32304840378-detail.html;http://gtms04.alicdn.com/tps/i4/TB1YcFqKXXXXXbrXFXXqVMCNVXX-400-400.jpg;Покрытое платиной женское кольцо с фианитами в виде цветка;2.39;60;5.98;2015/10/27 00:00:30 -0700;60
http://group.aliexpress.com/264778048-32306859014-detail.html;http://gtms01.alicdn.com/tps/i1/TB1edBLKXXXXXaRXXXXqVMCNVXX-400-400.jpg;16-светодиодная вспышка для телефонов;4.12;66;11.99;2015/10/27 00:00:30 -0700;60
http://group.aliexpress.com/264778048-32307047194-detail.html;http://gtms03.alicdn.com/tps/i3/TB1G6hGKXXXXXcAXXXXqVMCNVXX-400-400.jpg;Жёсткий разноцветный чехол для iPhone 5 5S 5G;0.50;26;0.68;2015/10/27 00:00:30 -0700;39
http://group.aliexpress.com/264778048-32309874605-detail.html;http://gtms02.alicdn.com/tps/i2/TB1iFRtKXXXXXafXFXXqVMCNVXX-400-400.jpg;Мужские кварцевые светящиеся часы с кожаным ремешком, блю-рей, календарь;10.75;82;59.80;2015/10/27 00:00:30 -0700;35
http://group.aliexpress.com/264778048-32310607633-detail.html;http://gtms03.alicdn.com/tps/i3/TB1.vBBKXXXXXX4XpXXqVMCNVXX-400-400.jpg;Кварцевые спортивные часы с джинсовым ремешком;2.00;44;3.59;2015/10/27 00:00:30 -0700;60
http://group.aliexpress.com/264778048-32311761929-detail.html;http://gtms02.alicdn.com/tps/i2/TB1gMlkKXXXXXXKXVXXqVMCNVXX-400-400.jpg;Мужской короткий кожаный бумажник;5.88;57;13.60;2015/10/27 00:00:30 -0700;60
http://group.aliexpress.com/264778048-32316726197-detail.html;http://gtms01.alicdn.com/tps/i1/TB10KBGKXXXXXcRXXXXqVMCNVXX-400-400.jpg;Женские кварцевые часы с пластиковым ремешком;2.86;51;5.79;2015/10/27 00:00:30 -0700;60
http://group.aliexpress.com/264778048-32322214889-detail.html;http://gtms01.alicdn.com/tps/i1/TB1T4xoKXXXXXb_XFXXqVMCNVXX-400-400.jpg;Мягкий антицеллюлитный массажёр для тела;2.42;19;2.99;2015/10/27 00:00:30 -0700;90
http://group.aliexpress.com/264778048-32323107728-detail.html;http://gtms04.alicdn.com/tps/i4/TB1mHJjKXXXXXa2XVXXqVMCNVXX-400-400.jpg;8-контактный USB зарядный кабель для iPhone 5 5S 5C 6 6 Plus, 5 футов, чёрный цвет;3.09;55;6.87;2015/10/27 00:00:30 -0700;35
http://group.aliexpress.com/264778048-32324246636-detail.html;http://gtms03.alicdn.com/tps/i3/TB1MLJmKXXXXXXjXVXXqVMCNVXX-400-400.jpg;Китайский чай пуэр 1970 года сбора, 250 г;5.69;59;13.96;2015/10/27 00:00:30 -0700;55
http://group.aliexpress.com/264778048-32325879167-detail.html;http://gtms01.alicdn.com/tps/i1/TB1eeJtKXXXXXXfXFXXqVMCNVXX-400-400.jpg;Силиконовая форма для выпечки макаронов, 30 ячеек;3.18;30;4.53;2015/10/27 00:00:30 -0700;60
http://group.aliexpress.com/264778048-32325932070-detail.html;http://gtms02.alicdn.com/tps/i2/TB1gcRuKXXXXXX0XFXXqVMCNVXX-400-400.jpg;Обезболивающий бальзам белый тигр, 20 г;2.78;25;3.69;2015/10/27 00:00:30 -0700;60
http://group.aliexpress.com/264778048-32328302521-detail.html;http://gtms01.alicdn.com/tps/i1/TB1mDlbKXXXXXX4aXXXqVMCNVXX-400-400.jpg;1 шт., серебряная бусина-шарм в виде чашки для кофе;0.45;46;0.84;2015/10/27 00:00:30 -0700;60
http://group.aliexpress.com/264778048-32328408046-detail.html;http://gtms04.alicdn.com/tps/i4/TB1bWxGKXXXXXcFXXXXqVMCNVXX-400-400.jpg;Сувенирная монета на удачу;0.87;80;4.25;2015/10/27 00:00:30 -0700;60
http://group.aliexpress.com/264778048-32335992306-detail.html;http://gtms01.alicdn.com/tps/i1/TB1ZF8mKXXXXXcUXFXXqVMCNVXX-400-400.jpg;Женские капроновые чулки с бантами;1.62;25;2.15;2015/10/27 00:00:30 -0700;60
http://group.aliexpress.com/264778048-32336386794-detail.html;http://gtms02.alicdn.com/tps/i2/TB10PBHKXXXXXcfXXXXqVMCNVXX-400-400.jpg;Женское покрытое платиной открытое кольцо с жемчугом и фианитами;1.81;56;4.12;2015/10/27 00:00:30 -0700;60
http://group.aliexpress.com/264778048-32338794361-detail.html;http://gtms01.alicdn.com/tps/i1/TB1PdNNKXXXXXX3XXXXqVMCNVXX-400-400.jpg;Брелок для ключей со свистком, алюминиевый сплав;0.18;73;0.66;2015/10/27 00:00:30 -0700;90
http://group.aliexpress.com/264778048-32340466359-detail.html;http://gtms03.alicdn.com/tps/i3/TB16xdvKXXXXXbSXpXXqVMCNVXX-400-400.jpg;1шт., SMD5730 3-светодиодная USB лампа для чтения;0.39;43;0.69;2015/10/27 00:00:30 -0700;35
http://group.aliexpress.com/264778048-32341324546-detail.html;http://gtms01.alicdn.com/tps/i1/TB11.xKKXXXXXaSXXXXqVMCNVXX-400-400.jpg;USB проводная игровая оптическая светодиодная мышь 5500 DPI;6.09;43;10.76;2015/10/27 00:00:30 -0700;40
http://group.aliexpress.com/264778048-32342361687-detail.html;http://gtms04.alicdn.com/tps/i4/TB1kTNOKXXXXXXdXXXXqVMCNVXX-400-400.jpg;Набор керамических кухонных ножей 3-6 дюймов с овощечисткой;10.98;91;118.00;2015/10/27 00:00:30 -0700;60
http://group.aliexpress.com/264778048-32346945443-detail.html;http://gtms02.alicdn.com/tps/i2/TB1_x8EKXXXXXXXXpXXqVMCNVXX-400-400.jpg;1 пара, детские хлопковые носки с 3D принтом животных;0.69;12;0.78;2015/10/27 00:00:30 -0700;60
http://group.aliexpress.com/264778048-32347411267-detail.html;http://gtms01.alicdn.com/tps/i1/TB1hgJAKXXXXXavXpXXqVMCNVXX-400-400.jpg;Женские спортивные эластичные леггинсы;8.50;74;33.00;2015/10/27 00:00:30 -0700;60
http://group.aliexpress.com/264778048-32348163387-detail.html;http://gtms01.alicdn.com/tps/i1/TB1iG4NKXXXXXX4XXXXqVMCNVXX-400-400.jpg;1 шт., УФ гель-лак для ногтей, 6 мл, 80 цветов;1.15;42;1.99;2015/10/27 00:00:30 -0700;60
http://group.aliexpress.com/264778048-32348711732-detail.html;http://gtms02.alicdn.com/tps/i2/TB1vitJKXXXXXbgXXXXqVMCNVXX-400-400.jpg;Защитная рамка с держателем для экшн-камеры SJCAM SJ4000;1.47;37;2.35;2015/10/27 00:00:30 -0700;75
http://group.aliexpress.com/264778048-32351278965-detail.html;http://gtms01.alicdn.com/tps/i1/TB1IRdgKXXXXXbRXVXXqVMCNVXX-400-400.jpg;Мужской узкий атласный галстук 5 см, 12 цветов;0.97;19;1.20;2015/10/27 00:00:30 -0700;90
http://group.aliexpress.com/264778048-32352073258-detail.html;http://gtms01.alicdn.com/tps/i1/TB1tFRAKXXXXXbbXpXXqVMCNVXX-400-400.jpg;Женская кожаная сумка-мешок;8.79;72;30.90;2015/10/27 00:00:30 -0700;60
http://group.aliexpress.com/264778048-32356378015-detail.html;http://gtms03.alicdn.com/tps/i3/TB1.bFeKXXXXXc8XVXXqVMCNVXX-400-400.jpg;Шармы из серебра 925 пробы для браслетов в стиле пандора;0.85;57;1.99;2015/10/27 00:00:30 -0700;35
http://group.aliexpress.com/264778048-32356730515-detail.html;http://gtms01.alicdn.com/tps/i1/TB1bvg7IFXXXXb2aXXXqVMCNVXX-400-400.jpg;Реквизиты для свадебного фотостенда;3.99;48;7.65;2015/10/27 00:00:30 -0700;35
http://group.aliexpress.com/264778048-32358460117-detail.html;http://gtms04.alicdn.com/tps/i4/TB1La4mKXXXXXbnXFXXqVMCNVXX-400-400.jpg;Алюминиевая рамка и акриловый задний чехол для Huawei P8 lite 5 дюймов;2.53;65;7.22;2015/10/27 00:00:30 -0700;60
http://group.aliexpress.com/264778048-32358893735-detail.html;http://gtms03.alicdn.com/tps/i3/TB1._hnKXXXXXcBXFXXqVMCNVXX-400-400.jpg;1 шт., широкоугольное выпуклое зеркало для обзора слепых зон;0.62;10;0.69;2015/10/27 00:00:30 -0700;49
http://group.aliexpress.com/264778048-32360560252-detail.html;http://gtms02.alicdn.com/tps/i2/TB12LNiKXXXXXbqXVXXqVMCNVXX-400-400.jpg;Настенное зарядное устройство с 2 USB портами 5 В 2 А, европейская вилка;1.41;72;5.09;2015/10/27 00:00:30 -0700;60
http://group.aliexpress.com/264778048-32363418065-detail.html;http://gtms04.alicdn.com/tps/i4/TB1ONRKKXXXXXa4XXXXqVMCNVXX-400-400.jpg;Маркер для губ;1.89;51;3.89;2015/10/27 00:00:30 -0700;23
http://group.aliexpress.com/264778048-32363763507-detail.html;http://gtms03.alicdn.com/tps/i3/TB1jG0BKXXXXXa2XpXXqVMCNVXX-400-400.jpg;1 шт., детская насадка на смеситель;1.20;37;1.91;2015/10/27 00:00:30 -0700;90
http://group.aliexpress.com/264778048-32366022467-detail.html;http://gtms04.alicdn.com/tps/i4/TB1ktdjKXXXXXaCXVXXqVMCNVXX-400-400.jpg;Палитра губных помад, 32 цвета;4.97;58;11.76;2015/10/27 00:00:30 -0700;45
http://group.aliexpress.com/264778048-32366919213-detail.html;http://gtms04.alicdn.com/tps/i4/TB1.jXzKXXXXXb1XpXXqVMCNVXX-400-400.jpg;Матовая плёнка-стикер на стекло, 45х100 см;1.59;18;1.94;2015/10/27 00:00:30 -0700;60
http://group.aliexpress.com/264778048-32368369513-detail.html;http://gtms02.alicdn.com/tps/i2/TB1nphsKXXXXXaLXFXXqVMCNVXX-400-400.jpg;Поясной ремень для переноски детей;8.81;25;11.80;2015/10/27 00:00:30 -0700;60
http://group.aliexpress.com/264778048-32369359799-detail.html;http://gtms01.alicdn.com/tps/i1/TB1wOxwKXXXXXXpXFXXqVMCNVXX-400-400.jpg;Чёрная беспроводная стерео Bluetooth мини гарнитура;4.67;53;9.99;2015/10/27 00:00:30 -0700;35
http://group.aliexpress.com/264778048-32371471217-detail.html;http://gtms01.alicdn.com/tps/i1/TB1dU8MKXXXXXXmXXXXqVMCNVXX-400-400.jpg;Мужской ультра-тонкий бумажник из ПУ кожи;3.23;68;9.98;2015/10/27 00:00:30 -0700;40
http://group.aliexpress.com/264778048-32373653035-detail.html;http://gtms03.alicdn.com/tps/i3/TB1hWpqKXXXXXaYXFXXqVMCNVXX-400-400.jpg;Магнитный держатель с поворотом на 360 градусов для телефонов;2.65;59;6.40;2015/10/27 00:00:30 -0700;60
http://group.aliexpress.com/264778048-32374358310-detail.html;http://gtms04.alicdn.com/tps/i4/TB146dzKXXXXXbQXpXXqVMCNVXX-400-400.jpg;1 шт., металлический 3D конструктор-макет звездные войны;3.96;56;8.99;2015/10/27 00:00:30 -0700;90
http://group.aliexpress.com/264778048-32375118285-detail.html;http://gtms01.alicdn.com/tps/i1/TB1g_BFKXXXXXb2XXXXqVMCNVXX-400-400.jpg;Мужская зимняя пуховая куртка с 90% пухом белой утки;39.58;67;118.89;2015/10/27 00:00:30 -0700;60
http://group.aliexpress.com/264778048-32380967161-detail.html;http://gtms02.alicdn.com/tps/i2/TB1ks8rKXXXXXaPXFXXqVMCNVXX-400-400.jpg;Двойные серьги-гвоздики с кристаллами;2.49;48;4.79;2015/10/27 00:00:30 -0700;60
http://group.aliexpress.com/264778048-32381956757-detail.html;http://gtms01.alicdn.com/tps/i1/TB1w7toKXXXXXbMXFXXqVMCNVXX-400-400.jpg;Мужские кварцевые водонепроницаемые часы с кожаным ремешком;12.23;93;169.90;2015/10/27 00:00:30 -0700;59
http://group.aliexpress.com/264778048-32386302450-detail.html;http://gtms01.alicdn.com/tps/i1/TB1pj4qKXXXXXa9XFXXqVMCNVXX-400-400.jpg;Мужской клатч из натуральной воловьей кожи, на молнии;12.99;61;33.16;2015/10/27 00:00:30 -0700;60
http://group.aliexpress.com/264778048-32386810710-detail.html;http://gtms03.alicdn.com/tps/i3/TB1FAxHKXXXXXchXXXXqVMCNVXX-400-400.jpg;1 шт., 23-светодиодный портативный ночной фонарь со встроенным магнитным крючком;3.50;57;8.14;2015/10/27 00:00:30 -0700;90
http://group.aliexpress.com/264778048-32388142314-detail.html;http://gtms01.alicdn.com/tps/i1/TB1OgpeKXXXXXcKXVXXqVMCNVXX-400-400.jpg;Рулоны органзы для декорации, 22 цвета;2.11;21;2.67;2015/10/27 00:00:30 -0700;90
http://group.aliexpress.com/264778048-32388266752-detail.html;http://gtms02.alicdn.com/tps/i2/TB14E0CKXXXXXX3XpXXqVMCNVXX-400-400.jpg;Покрытое чёрным золотом женское кольцо с опалом и фианитами, размеры 6-9;3.90;66;11.49;2015/10/27 00:00:30 -0700;60
http://group.aliexpress.com/264778048-32389943095-detail.html;http://gtms02.alicdn.com/tps/i2/TB107tyKXXXXXbEXpXXqVMCNVXX-400-400.jpg;Позолоченные серьги и ожерелье с австрийскими кристаллами;1.50;34;2.26;2015/10/27 00:00:30 -0700;60
http://group.aliexpress.com/264778048-32389966920-detail.html;http://gtms03.alicdn.com/tps/i3/TB17OhrKXXXXXa9XFXXqVMCNVXX-400-400.jpg;Покрытое 18 К золотом женское кольцо с фианитами, размеры 16-19;1.03;55;2.28;2015/10/27 00:00:30 -0700;60
http://group.aliexpress.com/264778048-32390384812-detail.html;http://gtms02.alicdn.com/tps/i2/TB1l14nKXXXXXcBXFXXqVMCNVXX-400-400.jpg;LAIKOU водостойкий жидкий тональный увлажняющий крем для лица;4.29;19;5.30;2015/10/27 00:00:30 -0700;90
http://group.aliexpress.com/264778048-32395124671-detail.html;http://gtms01.alicdn.com/tps/i1/TB1AYBuKXXXXXX2XFXXqVMCNVXX-400-400.jpg;Насадки для роз для украшения торта;0.48;17;0.58;2015/10/27 00:00:30 -0700;60
http://group.aliexpress.com/264778048-32401959515-detail.html;http://gtms02.alicdn.com/tps/i2/TB1FlxEKXXXXXXlXpXXqVMCNVXX-400-400.jpg;Женское трикотажное платье с объёмным рисунком;18.00;40;29.99;2015/10/27 00:00:30 -0700;35
http://group.aliexpress.com/264778048-32411917905-detail.html;http://gtms03.alicdn.com/tps/i3/TB1quprKXXXXXaYXFXXqVMCNVXX-400-400.jpg;Ободок с ушками микки и минни мауса;0.99;60;2.50;2015/10/27 00:00:30 -0700;60
http://group.aliexpress.com/264778048-32420341068-detail.html;http://gtms02.alicdn.com/tps/i2/TB1STlhKXXXXXbhXVXXqVMCNVXX-400-400.jpg;4 в 1 браслет для выживания, огниво, свисток и спасательная верёвка;1.14;61;2.89;2015/10/27 00:00:30 -0700;90
http://group.aliexpress.com/264778048-32422582562-detail.html;http://gtms01.alicdn.com/tps/i1/TB1Ks4hKXXXXXb6XVXXqVMCNVXX-400-400.jpg;Складной тактический нож-кредитка;0.69;10;0.77;2015/10/27 00:00:30 -0700;60
http://group.aliexpress.com/264778048-32423588716-detail.html;http://gtms04.alicdn.com/tps/i4/TB1MFFFKXXXXXXfXpXXqVMCNVXX-400-400.jpg;1 шт., водонепроницаемая гибкая светодиодная полоска 12 В 5 Вт 30 см для автомобильных фар;0.62;94;9.99;2015/10/27 00:00:30 -0700;35
http://group.aliexpress.com/264778048-32423857003-detail.html;http://gtms03.alicdn.com/tps/i3/TB1ZwlHKXXXXXbBXXXXqVMCNVXX-400-400.jpg;Мужской бумажник из натуральной кожи;4.30;93;59.90;2015/10/27 00:00:30 -0700;60
http://group.aliexpress.com/264778048-32426274938-detail.html;http://gtms02.alicdn.com/tps/i2/TB1mkVAKXXXXXbwXpXXqVMCNVXX-400-400.jpg;Женские кожаные кроссовки;16.99;37;27.04;2015/10/27 00:00:30 -0700;48
http://group.aliexpress.com/264778048-32427873374-detail.html;http://gtms01.alicdn.com/tps/i1/TB14EFBKXXXXXaiXpXXqVMCNVXX-400-400.jpg;Вставные наушники в макаронах, 3,5 мм;2.15;64;6.02;2015/10/27 00:00:30 -0700;90
http://group.aliexpress.com/264778048-32431999004-detail.html;http://gtms01.alicdn.com/tps/i1/TB13gRFKXXXXXc7XXXXqVMCNVXX-400-400.jpg;Женское платье-бодикон в полоску, до колен;9.80;46;18.15;2015/10/27 00:00:30 -0700;40
http://group.aliexpress.com/264778048-32432788028-detail.html;http://gtms04.alicdn.com/tps/i4/TB1Rn8zKXXXXXbCXpXXqVMCNVXX-400-400.jpg;Контейнер для таблеток на 7 дней, 28 ячеек в 4 ряда;2.60;39;4.27;2015/10/27 00:00:30 -0700;39
http://group.aliexpress.com/264778048-32434344676-detail.html;http://gtms03.alicdn.com/tps/i3/TB1a6VmKXXXXXcVXFXXqVMCNVXX-400-400.jpg;1 шт., кисть для нанесения основы макияжа;1.49;15;1.76;2015/10/27 00:00:30 -0700;45
http://group.aliexpress.com/264778048-32442477192-detail.html;http://gtms01.alicdn.com/tps/i1/TB1r1xpKXXXXXcXXFXXqVMCNVXX-400-400.jpg;Портативное огниво в виде фляжки;0.71;19;0.88;2015/10/27 00:00:30 -0700;48
http://group.aliexpress.com/264778048-32443180485-detail.html;http://gtms04.alicdn.com/tps/i4/TB1pSxkKXXXXXX5XVXXqVMCNVXX-400-400.jpg;10 шт., пальчиковые плюшевые игрушки животные;1.35;32;2.00;2015/10/27 00:00:30 -0700;60
http://group.aliexpress.com/264778048-32447753595-detail.html;http://gtms01.alicdn.com/tps/i1/TB1D8VDKXXXXXXLXpXXqVMCNVXX-400-400.jpg;5D алмазная живопись лебединая любовь;6.90;42;11.90;2015/10/27 00:00:30 -0700;60
http://group.aliexpress.com/264778048-32449347869-detail.html;http://gtms02.alicdn.com/tps/i2/TB1g.lrJVXXXXa_XVXXqVMCNVXX-400-400.jpg;Женские узкие джинсы на высокой талии, чёрный цвет;11.90;21;15.00;2015/10/27 00:00:30 -0700;35
http://group.aliexpress.com/264778048-32451313888-detail.html;http://gtms04.alicdn.com/tps/i4/TB1hFdHKXXXXXcBXXXXqVMCNVXX-400-400.jpg;2 шт., женский свитер с длинными рукавами и юбка-трапеция;26.50;24;35.00;2015/10/27 00:00:30 -0700;60
http://group.aliexpress.com/264778048-32451396039-detail.html;http://gtms01.alicdn.com/tps/i1/TB1SI4kKXXXXXXfXVXXqVMCNVXX-400-400.jpg;RM200 цифровой толщиномер лакокрасочного покрытия автомобиля 0-1,8 мм/0,01 мм;31.64;20;39.50;2015/10/27 00:00:30 -0700;35
http://group.aliexpress.com/264778048-32453356720-detail.html;http://gtms02.alicdn.com/tps/i2/TB1W00lKXXXXXXFXVXXqVMCNVXX-400-400.jpg;1 партия=5 пар, однотонные тонкие короткие носки для девочек;2.32;16;2.75;2015/10/27 00:00:30 -0700;90
http://group.aliexpress.com/264778048-32455538923-detail.html;http://gtms01.alicdn.com/tps/i1/TB1brdDKXXXXXXQXpXXqVMCNVXX-400-400.jpg;Женские тёплые домашние тапочки;7.99;50;15.90;2015/10/27 00:00:30 -0700;60
http://group.aliexpress.com/264778048-32456722374-detail.html;http://gtms02.alicdn.com/tps/i2/TB1OzppKXXXXXb5XFXXqVMCNVXX-400-400.jpg;Фольгированные воздушные шары в виде цифр;0.49;38;0.79;2015/10/27 00:00:30 -0700;60
http://group.aliexpress.com/264778048-32462396584-detail.html;http://gtms01.alicdn.com/tps/i1/TB1aitGKXXXXXciXXXXqVMCNVXX-400-400.jpg;Детский водонепроницаемый нагрудник с длинными рукавами;1.99;25;2.65;2015/10/27 00:00:30 -0700;90
http://group.aliexpress.com/264778048-32462771093-detail.html;http://gtms03.alicdn.com/tps/i3/TB1IWxAKXXXXXbAXpXXqVMCNVXX-400-400.jpg;Женские трикотажные кашемировые эластичные леггинсы;5.90;46;11.00;2015/10/27 00:00:30 -0700;59
http://group.aliexpress.com/264778048-32477695136-detail.html;http://gtms04.alicdn.com/tps/i4/TB1TPXOKXXXXXXoXXXXqVMCNVXX-400-400.jpg;1 пара, женские спортивные короткие носки;0.69;81;3.59;2015/10/27 00:00:30 -0700;60
http://group.aliexpress.com/265433045-32482745221-detail.html;http://gtms01.alicdn.com/tps/i1/TB1cG_YJVXXXXcPXVXXqVMCNVXX-400-400.jpg;VIAONS Женский шерстяной шарф высокого качества для зимы;9.99;65;28.25;2015/10/27 00:00:01 -0700;35
http://group.aliexpress.com/265433045-32486308327-detail.html;http://gtms03.alicdn.com/tps/i3/TB12i3lJVXXXXcDXXXXqVMCNVXX-400-400.jpg;VIAONS Новейший женский зимний шарф;7.99;64;21.94;2015/10/27 00:00:01 -0700;35
http://group.aliexpress.com/265433045-32464299085-detail.html;http://gtms01.alicdn.com/tps/i1/TB1h5sjJVXXXXc3XXXXqVMCNVXX-400-400.jpg;VIAONS Новый зимний жениский шарф с клетчатым узором;5.99;66;17.37;2015/10/27 00:00:01 -0700;35
http://group.aliexpress.com/265433045-32416347829-detail.html;http://gtms02.alicdn.com/tps/i2/TB1ZJslJVXXXXcTXXXXqVMCNVXX-400-400.jpg;VIAONS Новый зимний жениский шарф;7.93;55;17.63;2015/10/27 00:00:01 -0700;35
http://group.aliexpress.com/265433045-32464215583-detail.html;http://gtms03.alicdn.com/tps/i3/TB1UyT2JVXXXXXJXVXXqVMCNVXX-400-400.jpg;VIAONS теплый хиджаб шарф в полоску для зимы;6.29;68;19.66;2015/10/27 00:00:01 -0700;35
http://group.aliexpress.com/265433045-32416710056-detail.html;http://gtms02.alicdn.com/tps/i2/TB1SJj.JVXXXXaWXFXXqVMCNVXX-400-400.jpg;VIAONS Женикий шарф высокого качества;10.14;55;22.53;2015/10/27 00:00:01 -0700;35
http://group.aliexpress.com/265433045-32416371550-detail.html;http://gtms03.alicdn.com/tps/i3/TB1nJonJVXXXXceXXXXqVMCNVXX-400-400.jpg;VIAONS теплый женский шарф Cashmere;9.82;56;22.27;2015/10/27 00:00:01 -0700;35
http://group.aliexpress.com/265433045-32416753495-detail.html;http://gtms03.alicdn.com/tps/i3/TB1T1kqJVXXXXaQXXXXqVMCNVXX-400-400.jpg;VIAONS толстый теплый зимний шарф;11.99;54;26.12;2015/10/27 00:00:01 -0700;35
http://group.aliexpress.com/265433045-32417759481-detail.html;http://gtms04.alicdn.com/tps/i4/TB1zuT6JVXXXXcxXFXXqVMCNVXX-400-400.jpg;VIAONS Шелковый платок Cachecol высокого качества;15.43;71;53.21;2015/10/27 00:00:01 -0700;35
http://group.aliexpress.com/265433045-32419230584-detail.html;http://gtms01.alicdn.com/tps/i1/TB1FyIbJVXXXXc0XpXXqVMCNVXX-400-400.jpg;VIAONS Зимний шарф  из кашемира;14.36;54;31.22;2015/10/27 00:00:01 -0700;35
http://group.aliexpress.com/265433045-32464038356-detail.html;http://gtms02.alicdn.com/tps/i2/TB1KOZgJVXXXXakXpXXqVMCNVXX-400-400.jpg;VIAONS Кашемировый шарф модного бренда для зимы;16.91;65;48.20;2015/10/27 00:00:01 -0700;35
http://group.aliexpress.com/265433045-32465928518-detail.html;http://gtms03.alicdn.com/tps/i3/TB1o97jJVXXXXXwXpXXqVMCNVXX-400-400.jpg;VIAONS Женский квадратный шарф с клетчатым узором для осени и зимы;10.99;72;39.57;2015/10/27 00:00:01 -0700;35
http://group.aliexpress.com/265433045-32466507221-detail.html;http://gtms04.alicdn.com/tps/i4/TB1WBgpJVXXXXbXXXXXqVMCNVXX-400-400.jpg;VIAONS хиджаб шарф для женщин;12.48;60;30.84;2015/10/27 00:00:01 -0700;35
http://group.aliexpress.com/265433045-32484971179-detail.html;http://gtms02.alicdn.com/tps/i2/TB1AvAXJVXXXXaXXFXXqVMCNVXX-400-400.jpg;VIAONS Шарф клетчатого узора для женщин;9.88;62;26.28;2015/10/27 00:00:01 -0700;35
http://group.aliexpress.com/265433045-32485003463-detail.html;http://gtms03.alicdn.com/tps/i3/TB1.aoiJVXXXXX3XpXXqVMCNVXX-400-400.jpg;VIAONS Толстый кашемировый шарф;10.88;52;22.85;2015/10/27 00:00:01 -0700;35
http://group.aliexpress.com/265433045-32485022528-detail.html;http://gtms02.alicdn.com/tps/i2/TB1FuD_JVXXXXbcXFXXqVMCNVXX-400-400.jpg;VIAONS Женский кашемировый шарф;16.88;50;33.85;2015/10/27 00:00:01 -0700;35
